[
{
  "model": "oauth2_provider.accesstoken",
  "pk": 1,
  "fields": {
    "user": 1,
    "token": "EGsnU4Cz3Mx5bUCuLrc2hmup51sSGz",
    "application": 1,
    "expires": "9999-12-31T23:59:59Z",
    "scope": "",
    "created": "2016-12-31T23:59:59Z",
    "updated": "2017-10-02T22:27:09.173Z"
  }
},
{
  "model": "oauth2_provider.accesstoken",
  "pk": 2,
  "fields": {
    "user": 5,
    "token": "kEphPGlavEforKavpDzuZSgK0zpoXS",
    "application": 1,
    "expires": "9999-12-31T23:59:59Z",
    "scope": "write read groups",
    "created": "2018-02-09T17:58:03.854Z",
    "updated": "2018-02-09T17:58:03.854Z"
  }
},
{
  "model": "oauth2_provider.accesstoken",
  "pk": 3,
  "fields": {
    "user": 1,
    "token": "9M84R1jUHHx2AZkAGb3C6OF72QM7Xh",
    "application": 1,
    "expires": "9999-12-31T23:59:59Z",
    "scope": "read write groups",
    "created": "2018-02-09T21:54:51.308Z",
    "updated": "2018-02-09T21:54:51.308Z"
  }
},
{
  "model": "oauth2_provider.accesstoken",
  "pk": 5,
  "fields": {
    "user": 1,
    "token": "rTR1mT7dgng34DXLIiWMzIGA2bJtgc",
    "application": 1,
    "expires": "2018-02-15T00:10:06.136Z",
    "scope": "write read groups",
    "created": "2018-02-14T14:10:06.136Z",
    "updated": "2018-02-14T14:10:06.136Z"
  }
},
{
  "model": "oauth2_provider.accesstoken",
  "pk": 7,
  "fields": {
    "user": 1,
    "token": "l6YYuSzMmg58s7UEljiZlhmaGLxVal",
    "application": 1,
    "expires": "2018-02-16T00:27:08.530Z",
    "scope": "read groups write",
    "created": "2018-02-15T14:27:08.530Z",
    "updated": "2018-02-15T14:27:08.531Z"
  }
},
{
  "model": "oauth2_provider.accesstoken",
  "pk": 8,
  "fields": {
    "user": 1,
    "token": "MS9RkKWU4wtayaXANb0Ho8QOsRxHVG",
    "application": 1,
    "expires": "2018-02-17T08:14:47.808Z",
    "scope": "write read groups",
    "created": "2018-02-16T22:14:47.808Z",
    "updated": "2018-02-16T22:14:47.808Z"
  }
},
{
  "model": "oauth2_provider.accesstoken",
  "pk": 9,
  "fields": {
    "user": 1,
    "token": "YiUp7f5GvXTci4raRGJS0e1FxB3QNb",
    "application": 2,
    "expires": "2018-02-24T05:56:35.641Z",
    "scope": "write read groups",
    "created": "2018-02-23T19:56:35.641Z",
    "updated": "2018-02-23T19:56:35.641Z"
  }
},
{
  "model": "oauth2_provider.accesstoken",
  "pk": 10,
  "fields": {
    "user": 1,
    "token": "1BnUMJLGoH7xrPvb2I4cJc908lGtjr",
    "application": 1,
    "expires": "2018-02-24T05:57:20.822Z",
    "scope": "write read groups",
    "created": "2018-02-23T19:57:20.822Z",
    "updated": "2018-02-23T19:57:20.822Z"
  }
},
{
  "model": "oauth2_provider.accesstoken",
  "pk": 11,
  "fields": {
    "user": 1,
    "token": "kNvbkReAXurZb0QhfFmGLtWPzXi8rd",
    "application": 3,
    "expires": "2018-02-24T06:03:09.575Z",
    "scope": "write read groups",
    "created": "2018-02-23T20:03:09.575Z",
    "updated": "2018-02-23T20:03:09.575Z"
  }
},
{
  "model": "oauth2_provider.accesstoken",
  "pk": 12,
  "fields": {
    "user": 1,
    "token": "J1b2egxrK4Hh6D4lIgKHVdSROKSM3O",
    "application": 3,
    "expires": "2018-02-24T06:04:56.499Z",
    "scope": "write read groups",
    "created": "2018-02-23T20:04:56.499Z",
    "updated": "2018-02-23T20:04:56.499Z"
  }
},
{
  "model": "oauth2_provider.accesstoken",
  "pk": 13,
  "fields": {
    "user": 1,
    "token": "gV9MiB4Irisoe2S5lTAWd5f7Xlw9Gv",
    "application": 1,
    "expires": "2018-02-24T06:08:20.198Z",
    "scope": "write read groups",
    "created": "2018-02-23T20:08:20.198Z",
    "updated": "2018-02-23T20:08:20.198Z"
  }
},
{
  "model": "oauth2_provider.accesstoken",
  "pk": 14,
  "fields": {
    "user": 1,
    "token": "U4E62nHCbtZBo0uYzsA8br6OXADKwA",
    "application": 1,
    "expires": "2018-02-24T06:09:46.845Z",
    "scope": "write read groups",
    "created": "2018-02-23T20:09:46.845Z",
    "updated": "2018-02-23T20:09:46.845Z"
  }
},
{
  "model": "oauth2_provider.accesstoken",
  "pk": 15,
  "fields": {
    "user": 1,
    "token": "j0yAcXl4sKSh0a9c5F4XYumWTRZXmC",
    "application": 3,
    "expires": "2018-02-24T06:20:53.218Z",
    "scope": "write read groups",
    "created": "2018-02-23T20:20:53.218Z",
    "updated": "2018-02-23T20:20:53.218Z"
  }
},
{
  "model": "oauth2_provider.accesstoken",
  "pk": 16,
  "fields": {
    "user": 1,
    "token": "SMilNVy9ldq76Ofzduwh3SLTQ8mjyr",
    "application": 3,
    "expires": "2018-02-24T06:22:23.796Z",
    "scope": "write read groups",
    "created": "2018-02-23T20:22:23.796Z",
    "updated": "2018-02-23T20:22:23.796Z"
  }
},
{
  "model": "oauth2_provider.accesstoken",
  "pk": 17,
  "fields": {
    "user": 1,
    "token": "riLI3lWoMlumHirwxsq1EuMjJN05Xg",
    "application": 3,
    "expires": "2018-02-24T06:54:29.532Z",
    "scope": "write read groups",
    "created": "2018-02-23T20:54:29.532Z",
    "updated": "2018-02-23T20:54:29.532Z"
  }
},
{
  "model": "oauth2_provider.accesstoken",
  "pk": 18,
  "fields": {
    "user": 1,
    "token": "OHSnyWBmnGUJhjHfXnvIY7F1bAGSKQ",
    "application": 3,
    "expires": "2018-02-24T06:55:34.400Z",
    "scope": "write read groups",
    "created": "2018-02-23T20:55:34.400Z",
    "updated": "2018-02-23T20:55:34.400Z"
  }
},
{
  "model": "oauth2_provider.accesstoken",
  "pk": 19,
  "fields": {
    "user": 1,
    "token": "t9hefEKkT6JA42kJ07GDSWTOVGwJzf",
    "application": 1,
    "expires": "2018-02-24T07:08:57.209Z",
    "scope": "write read groups",
    "created": "2018-02-23T21:08:57.209Z",
    "updated": "2018-02-23T21:08:57.209Z"
  }
},
{
  "model": "oauth2_provider.accesstoken",
  "pk": 20,
  "fields": {
    "user": 1,
    "token": "KlF8bcvZCjtYCX30AyHPkzMrfLHlHH",
    "application": 1,
    "expires": "2018-02-24T07:12:58.559Z",
    "scope": "write read groups",
    "created": "2018-02-23T21:12:58.560Z",
    "updated": "2018-02-23T21:12:58.560Z"
  }
},
{
  "model": "oauth2_provider.accesstoken",
  "pk": 21,
  "fields": {
    "user": 1,
    "token": "Eb0hHCCGq1xJBuM8ZG4jAXTFJXdRvX",
    "application": 3,
    "expires": "2018-02-24T07:17:07.007Z",
    "scope": "write read groups",
    "created": "2018-02-23T21:17:07.008Z",
    "updated": "2018-02-23T21:17:07.008Z"
  }
},
{
  "model": "oauth2_provider.accesstoken",
  "pk": 22,
  "fields": {
    "user": 1,
    "token": "2nYVfMsi5XCxMAIVz0Du0BxLsD18S0",
    "application": 1,
    "expires": "2018-02-24T07:20:11.498Z",
    "scope": "write read groups",
    "created": "2018-02-23T21:20:11.499Z",
    "updated": "2018-02-23T21:20:11.499Z"
  }
},
{
  "model": "oauth2_provider.accesstoken",
  "pk": 23,
  "fields": {
    "user": 1,
    "token": "7l8ABFEiT6e9KycKpYGKgjiQBR1tnO",
    "application": 1,
    "expires": "2018-02-24T07:20:48.266Z",
    "scope": "write read groups",
    "created": "2018-02-23T21:20:48.267Z",
    "updated": "2018-02-23T21:20:48.267Z"
  }
},
{
  "model": "oauth2_provider.accesstoken",
  "pk": 24,
  "fields": {
    "user": 1,
    "token": "whAgig8KioMLNhcqVMN7rCqN7lS0f0",
    "application": 1,
    "expires": "2018-02-24T07:21:53.904Z",
    "scope": "write read groups",
    "created": "2018-02-23T21:21:53.905Z",
    "updated": "2018-02-23T21:21:53.905Z"
  }
},
{
  "model": "oauth2_provider.accesstoken",
  "pk": 25,
  "fields": {
    "user": 1,
    "token": "OupV3uCq474nUaTS2jgeZv0rlzScqR",
    "application": 1,
    "expires": "2018-02-24T07:23:12.197Z",
    "scope": "write read groups",
    "created": "2018-02-23T21:23:12.198Z",
    "updated": "2018-02-23T21:23:12.198Z"
  }
},
{
  "model": "oauth2_provider.accesstoken",
  "pk": 26,
  "fields": {
    "user": 1,
    "token": "jQvtgGswyBv1IlWKbPwjdyak0QxGPi",
    "application": 2,
    "expires": "2018-02-24T07:24:38.945Z",
    "scope": "write read groups",
    "created": "2018-02-23T21:24:38.946Z",
    "updated": "2018-02-23T21:24:38.946Z"
  }
},
{
  "model": "oauth2_provider.accesstoken",
  "pk": 27,
  "fields": {
    "user": 1,
    "token": "JvtfOlwdjOcVSKQWcPQrITQG592MeR",
    "application": 1,
    "expires": "2018-02-24T07:27:30.705Z",
    "scope": "write read groups",
    "created": "2018-02-23T21:27:30.706Z",
    "updated": "2018-02-23T21:27:30.706Z"
  }
},
{
  "model": "oauth2_provider.accesstoken",
  "pk": 28,
  "fields": {
    "user": 1,
    "token": "JPMiMHxkRie1DMSdJhxOBQcxciCrEQ",
    "application": 2,
    "expires": "2018-02-24T07:34:13.936Z",
    "scope": "write read groups",
    "created": "2018-02-23T21:34:13.936Z",
    "updated": "2018-02-23T21:34:13.936Z"
  }
},
{
  "model": "oauth2_provider.accesstoken",
  "pk": 29,
  "fields": {
    "user": 1,
    "token": "8wy5x3gXuDnURuN4bXuS2EeBOpbPfz",
    "application": 2,
    "expires": "2018-02-24T07:47:01.775Z",
    "scope": "write read groups",
    "created": "2018-02-23T21:47:01.776Z",
    "updated": "2018-02-23T21:47:01.776Z"
  }
},
{
  "model": "oauth2_provider.accesstoken",
  "pk": 30,
  "fields": {
    "user": 1,
    "token": "cGyQSCKSxFLmCtOytitb5FgTo9D88v",
    "application": 2,
    "expires": "2018-02-24T07:57:47.645Z",
    "scope": "write read groups",
    "created": "2018-02-23T21:57:47.649Z",
    "updated": "2018-02-23T21:57:47.649Z"
  }
},
{
  "model": "oauth2_provider.accesstoken",
  "pk": 31,
  "fields": {
    "user": 1,
    "token": "CGedS8T6QBo23WFmqrf7iM4FrLrQzt",
    "application": 2,
    "expires": "2018-02-24T08:04:58.045Z",
    "scope": "write read groups",
    "created": "2018-02-23T22:04:58.045Z",
    "updated": "2018-02-23T22:04:58.045Z"
  }
},
{
  "model": "oauth2_provider.accesstoken",
  "pk": 32,
  "fields": {
    "user": 1,
    "token": "JOj1yB2fljY5hW1aiW8Mmv2PxXQaz3",
    "application": 2,
    "expires": "2018-02-24T08:05:18.685Z",
    "scope": "write read groups",
    "created": "2018-02-23T22:05:18.686Z",
    "updated": "2018-02-23T22:05:18.686Z"
  }
},
{
  "model": "oauth2_provider.accesstoken",
  "pk": 33,
  "fields": {
    "user": 1,
    "token": "2L5W4GWhaGcWfbxWDjsSUQQQQ5ToV0",
    "application": 2,
    "expires": "2018-02-24T08:22:21.817Z",
    "scope": "write read groups",
    "created": "2018-02-23T22:22:21.818Z",
    "updated": "2018-02-23T22:22:21.818Z"
  }
},
{
  "model": "oauth2_provider.accesstoken",
  "pk": 34,
  "fields": {
    "user": 1,
    "token": "9w9jTq1fFCRYda9CgPmynd8O1Z48R4",
    "application": 1,
    "expires": "2018-02-24T08:33:27.273Z",
    "scope": "write read groups",
    "created": "2018-02-23T22:33:27.274Z",
    "updated": "2018-02-23T22:33:27.274Z"
  }
},
{
  "model": "oauth2_provider.accesstoken",
  "pk": 35,
  "fields": {
    "user": 1,
    "token": "7UALsjdjPqmLuvYsruqjUkqlV0wstq",
    "application": 1,
    "expires": "2018-02-24T08:34:15.829Z",
    "scope": "write read groups",
    "created": "2018-02-23T22:34:15.829Z",
    "updated": "2018-02-23T22:34:15.829Z"
  }
},
{
  "model": "oauth2_provider.accesstoken",
  "pk": 36,
  "fields": {
    "user": 1,
    "token": "Dr9nvU1BaGESZNZPg5tOH2FEVejwX2",
    "application": 1,
    "expires": "2018-02-24T08:34:23.744Z",
    "scope": "write read groups",
    "created": "2018-02-23T22:34:23.744Z",
    "updated": "2018-02-23T22:34:23.744Z"
  }
},
{
  "model": "oauth2_provider.accesstoken",
  "pk": 37,
  "fields": {
    "user": 1,
    "token": "IAIHtnXC42kYVn5daLG5hOxahBlyKl",
    "application": 1,
    "expires": "2018-02-24T08:39:37.309Z",
    "scope": "write read groups",
    "created": "2018-02-23T22:39:37.310Z",
    "updated": "2018-02-23T22:39:37.310Z"
  }
},
{
  "model": "oauth2_provider.accesstoken",
  "pk": 39,
  "fields": {
    "user": 1,
    "token": "dT4FlK25od2WkMluikxccwII493ETc",
    "application": 1,
    "expires": "2018-02-27T01:18:28.644Z",
    "scope": "groups read write",
    "created": "2018-02-26T15:18:28.645Z",
    "updated": "2018-02-26T15:18:28.645Z"
  }
},
{
  "model": "oauth2_provider.accesstoken",
  "pk": 40,
  "fields": {
    "user": 10,
    "token": "orWaiAys6txqFoCKXevR3OEpsBZrzN",
    "application": 1,
    "expires": "2018-02-27T01:18:56.572Z",
    "scope": "groups read write",
    "created": "2018-02-26T15:18:56.572Z",
    "updated": "2018-02-26T15:18:56.572Z"
  }
},
{
  "model": "oauth2_provider.accesstoken",
  "pk": 41,
  "fields": {
    "user": 11,
    "token": "rTZi4y3FUy8imhfyYGXm7HeGVAYAsT",
    "application": 1,
    "expires": "2018-02-27T01:42:09.559Z",
    "scope": "groups read write",
    "created": "2018-02-26T15:42:09.559Z",
    "updated": "2018-02-26T15:42:09.559Z"
  }
},
{
  "model": "oauth2_provider.accesstoken",
  "pk": 45,
  "fields": {
    "user": 11,
    "token": "KNhlYHhPkGQN2w234H3NQEuQ4MFJ6L",
    "application": 1,
    "expires": "2018-02-27T02:07:57.984Z",
    "scope": "groups read write",
    "created": "2018-02-26T16:07:57.984Z",
    "updated": "2018-02-26T16:07:57.984Z"
  }
},
{
  "model": "oauth2_provider.accesstoken",
  "pk": 46,
  "fields": {
    "user": 11,
    "token": "PyoY7f5J5op64xt8HyBWIVcn0zEwCR",
    "application": 1,
    "expires": "2018-02-27T02:07:59.713Z",
    "scope": "groups read write",
    "created": "2018-02-26T16:07:59.713Z",
    "updated": "2018-02-26T16:07:59.713Z"
  }
},
{
  "model": "oauth2_provider.accesstoken",
  "pk": 47,
  "fields": {
    "user": 11,
    "token": "caQcRcOSCPv4hjsoQpLTAOC2LiSbki",
    "application": 1,
    "expires": "2018-02-27T02:08:00.748Z",
    "scope": "groups read write",
    "created": "2018-02-26T16:08:00.748Z",
    "updated": "2018-02-26T16:08:00.748Z"
  }
},
{
  "model": "oauth2_provider.accesstoken",
  "pk": 48,
  "fields": {
    "user": 11,
    "token": "dbFNQrSuXG7pAeHhXU7AE2WmG6yUj7",
    "application": 1,
    "expires": "2018-02-27T02:08:01.941Z",
    "scope": "groups read write",
    "created": "2018-02-26T16:08:01.941Z",
    "updated": "2018-02-26T16:08:01.941Z"
  }
},
{
  "model": "oauth2_provider.accesstoken",
  "pk": 49,
  "fields": {
    "user": 11,
    "token": "bbNbQA2Z9FAvpglkyLxo6v4BvJJKX8",
    "application": 1,
    "expires": "2018-02-27T02:08:02.833Z",
    "scope": "groups read write",
    "created": "2018-02-26T16:08:02.833Z",
    "updated": "2018-02-26T16:08:02.833Z"
  }
},
{
  "model": "oauth2_provider.accesstoken",
  "pk": 50,
  "fields": {
    "user": 11,
    "token": "oewVavhKVSRDC9UdBHDbVpcgFD1lbD",
    "application": 1,
    "expires": "2018-02-27T02:08:03.742Z",
    "scope": "groups read write",
    "created": "2018-02-26T16:08:03.742Z",
    "updated": "2018-02-26T16:08:03.742Z"
  }
},
{
  "model": "oauth2_provider.accesstoken",
  "pk": 51,
  "fields": {
    "user": 11,
    "token": "3hnzwbPXEB1tc1vo2ALKXoR0YIi2lG",
    "application": 1,
    "expires": "2018-02-27T02:08:04.819Z",
    "scope": "groups read write",
    "created": "2018-02-26T16:08:04.819Z",
    "updated": "2018-02-26T16:08:04.819Z"
  }
},
{
  "model": "oauth2_provider.accesstoken",
  "pk": 52,
  "fields": {
    "user": 11,
    "token": "MApYtGZ5pM6yjfjddjWUKb8eOXYINP",
    "application": 1,
    "expires": "2018-02-27T02:08:05.631Z",
    "scope": "groups read write",
    "created": "2018-02-26T16:08:05.631Z",
    "updated": "2018-02-26T16:08:05.631Z"
  }
},
{
  "model": "oauth2_provider.accesstoken",
  "pk": 53,
  "fields": {
    "user": 11,
    "token": "aAWcxIbjogaRiGJLM7CceB1a69Y9CY",
    "application": 1,
    "expires": "2018-02-27T02:08:06.927Z",
    "scope": "groups read write",
    "created": "2018-02-26T16:08:06.927Z",
    "updated": "2018-02-26T16:08:06.927Z"
  }
},
{
  "model": "oauth2_provider.accesstoken",
  "pk": 54,
  "fields": {
    "user": 11,
    "token": "uM0qDaeoVBmO29mctJWr65TYY7jFxn",
    "application": 1,
    "expires": "2018-02-27T02:10:28.766Z",
    "scope": "groups read write",
    "created": "2018-02-26T16:10:28.766Z",
    "updated": "2018-02-26T16:10:28.766Z"
  }
},
{
  "model": "oauth2_provider.accesstoken",
  "pk": 55,
  "fields": {
    "user": 11,
    "token": "byFDgWXKoly81efr5FGBlbLjAne1UX",
    "application": 1,
    "expires": "2018-02-27T02:13:19.389Z",
    "scope": "groups read write",
    "created": "2018-02-26T16:13:19.389Z",
    "updated": "2018-02-26T16:13:19.389Z"
  }
},
{
  "model": "oauth2_provider.accesstoken",
  "pk": 56,
  "fields": {
    "user": 11,
    "token": "tfVoGM66qs9fGz3znBSOcbMiJLjJhu",
    "application": 1,
    "expires": "2018-02-27T02:13:53.608Z",
    "scope": "groups read write",
    "created": "2018-02-26T16:13:53.608Z",
    "updated": "2018-02-26T16:13:53.608Z"
  }
},
{
  "model": "oauth2_provider.accesstoken",
  "pk": 58,
  "fields": {
    "user": 11,
    "token": "wkYHxb1vBkhoi52Dl1c2QgY4wvFDaG",
    "application": 1,
    "expires": "2018-02-27T02:29:44.123Z",
    "scope": "read groups write",
    "created": "2018-02-26T16:29:44.123Z",
    "updated": "2018-02-26T16:29:44.123Z"
  }
},
{
  "model": "oauth2_provider.application",
  "pk": 1,
  "fields": {
    "client_id": "FUN5EkBDdiQo8SixJYslF41ZkrjAhQtWKkV7BEE2",
    "user": null,
    "redirect_uris": "",
    "client_type": "public",
    "authorization_grant_type": "password",
    "client_secret": "P7pj3QcE6GyhlS0QUzJOJ8SRLlTGHYSMESGr7QzlyKnuMsc4osaaStB6wSiGGxAelKjXv6xJ7p9Go8R5el2KaVlcM4P50IeplkY2CWHxaOc9NI1fLKS9DoWxD9UbG4TN",
    "name": "",
    "skip_authorization": false,
    "created": "2017-10-02T21:19:16.205Z",
    "updated": "2017-10-02T21:19:16.205Z"
  }
},
{
  "model": "oauth2_provider.application",
  "pk": 2,
  "fields": {
    "client_id": "Aq7s99mrGD1EttlN6PHYA2ImrNfGxPH4WWr9cfm6",
    "user": 1,
    "redirect_uris": "",
    "client_type": "public",
    "authorization_grant_type": "password",
    "client_secret": "ZkBRpQevvQiThdsOAcvOk2BApRpgnuvNoDJwztTashQBLB3HEGBP5vWcmyXlUeG8TlZfGWIHDsTwms5vUc8zzpEi4VgrJiY7D20rRFlaHPWAn9Rkw3ZwZK5Awwavyi9T",
    "name": "",
    "skip_authorization": false,
    "created": "2018-02-14T14:09:00.488Z",
    "updated": "2018-02-23T21:33:55.947Z"
  }
},
{
  "model": "oauth2_provider.application",
  "pk": 3,
  "fields": {
    "client_id": "TeP5qn9mPGNaC184REZCURfhuDnAbdyOTFDzRDAs",
    "user": null,
    "redirect_uris": "",
    "client_type": "public",
    "authorization_grant_type": "password",
    "client_secret": "aFqGA7Sc0lAQ5t9TlXHPjDhgvZ1aqgyNXRuJPDXi7cpaSnulHH6VFoETA8uZcXF9B6dEfr5dIYPheXxBvTu2dUbObx0G6QDCmgfs02dCAZbH7BGj2c6C5vbaULdoXpc9",
    "name": "",
    "skip_authorization": false,
    "created": "2018-02-23T20:02:28.449Z",
    "updated": "2018-02-23T20:02:28.449Z"
  }
},
{
  "model": "oauth2_provider.application",
  "pk": 4,
  "fields": {
    "client_id": "tOHXYfm0nxVzPQaPxLBctqYI3wu3sjw2w3pnvnZ9",
    "user": 1,
    "redirect_uris": "",
    "client_type": "public",
    "authorization_grant_type": "password",
    "client_secret": "Rrta3EvYRq24XcKmdd2G7mM3NN4RUwDROZ5hBT3EPLuTGR6L1vXLZdO3hP4Q8DjMdDBuuG7hsW4p23kkvpR2HSqHLzLWnQmB3J6Rq26PjfpsTH8flDKX6eS1yEnrd3cM",
    "name": "",
    "skip_authorization": false,
    "created": "2018-02-23T22:31:25.590Z",
    "updated": "2018-02-23T22:31:25.591Z"
  }
},
{
  "model": "oauth2_provider.refreshtoken",
  "pk": 1,
  "fields": {
    "user": 1,
    "token": "R5hQQQA9FQ0m9cwLG8zYXCxNX8q5lS",
    "application": 1,
    "access_token": 2,
    "created": "2018-02-09T17:58:04.135Z",
    "updated": "2018-02-09T17:58:04.135Z"
  }
},
{
  "model": "oauth2_provider.refreshtoken",
  "pk": 2,
  "fields": {
    "user": 1,
    "token": "QABnj4YCpnddMOCh3tUaD6aS9ilcwI",
    "application": 1,
    "access_token": 3,
    "created": "2018-02-09T21:54:51.384Z",
    "updated": "2018-02-09T21:54:51.384Z"
  }
},
{
  "model": "oauth2_provider.refreshtoken",
  "pk": 4,
  "fields": {
    "user": 1,
    "token": "iLEBPrSX4fNSTebJD7CP1nuQJ9icen",
    "application": 1,
    "access_token": 5,
    "created": "2018-02-14T14:10:06.165Z",
    "updated": "2018-02-14T14:10:06.165Z"
  }
},
{
  "model": "oauth2_provider.refreshtoken",
  "pk": 6,
  "fields": {
    "user": 1,
    "token": "HJDbVWXXP9K8pPk9xUQX6swIx6LJq9",
    "application": 1,
    "access_token": 7,
    "created": "2018-02-15T14:27:08.718Z",
    "updated": "2018-02-15T14:27:08.718Z"
  }
},
{
  "model": "oauth2_provider.refreshtoken",
  "pk": 7,
  "fields": {
    "user": 1,
    "token": "rWFiqJVyPjV7ahFAp7cePr0r58oOzd",
    "application": 1,
    "access_token": 8,
    "created": "2018-02-16T22:14:47.848Z",
    "updated": "2018-02-16T22:14:47.848Z"
  }
},
{
  "model": "oauth2_provider.refreshtoken",
  "pk": 8,
  "fields": {
    "user": 1,
    "token": "Ix02WCgw7BwdF1r41qVeWm06CWqk8I",
    "application": 2,
    "access_token": 9,
    "created": "2018-02-23T19:56:35.721Z",
    "updated": "2018-02-23T19:56:35.721Z"
  }
},
{
  "model": "oauth2_provider.refreshtoken",
  "pk": 9,
  "fields": {
    "user": 1,
    "token": "10DDQFAhsNNbkjMOZ7YbqgDKu3z8Fc",
    "application": 1,
    "access_token": 10,
    "created": "2018-02-23T19:57:21.318Z",
    "updated": "2018-02-23T19:57:21.318Z"
  }
},
{
  "model": "oauth2_provider.refreshtoken",
  "pk": 10,
  "fields": {
    "user": 1,
    "token": "kf24pe4Sv2lO6XeD2spaBiEEMU0SPq",
    "application": 3,
    "access_token": 11,
    "created": "2018-02-23T20:03:09.643Z",
    "updated": "2018-02-23T20:03:09.643Z"
  }
},
{
  "model": "oauth2_provider.refreshtoken",
  "pk": 11,
  "fields": {
    "user": 1,
    "token": "sYNGpbvbOsVMWL714GlWAzkIKOp82g",
    "application": 3,
    "access_token": 12,
    "created": "2018-02-23T20:04:56.723Z",
    "updated": "2018-02-23T20:04:56.723Z"
  }
},
{
  "model": "oauth2_provider.refreshtoken",
  "pk": 12,
  "fields": {
    "user": 1,
    "token": "5n9EvKbHMUE5nvob1kMxCs2lFGRghu",
    "application": 1,
    "access_token": 13,
    "created": "2018-02-23T20:08:20.254Z",
    "updated": "2018-02-23T20:08:20.254Z"
  }
},
{
  "model": "oauth2_provider.refreshtoken",
  "pk": 13,
  "fields": {
    "user": 1,
    "token": "iMxeZ9TULwlttP5omIllF7xPhrvP9v",
    "application": 1,
    "access_token": 14,
    "created": "2018-02-23T20:09:46.869Z",
    "updated": "2018-02-23T20:09:46.869Z"
  }
},
{
  "model": "oauth2_provider.refreshtoken",
  "pk": 14,
  "fields": {
    "user": 1,
    "token": "TRqp4QfIDTEUv7Hqenmxyd8m5oZCTf",
    "application": 3,
    "access_token": 15,
    "created": "2018-02-23T20:20:53.230Z",
    "updated": "2018-02-23T20:20:53.230Z"
  }
},
{
  "model": "oauth2_provider.refreshtoken",
  "pk": 15,
  "fields": {
    "user": 1,
    "token": "ejcDljCYXcYIUVSEtoxfrizIBrXkBC",
    "application": 3,
    "access_token": 16,
    "created": "2018-02-23T20:22:23.812Z",
    "updated": "2018-02-23T20:22:23.812Z"
  }
},
{
  "model": "oauth2_provider.refreshtoken",
  "pk": 16,
  "fields": {
    "user": 1,
    "token": "VDhtR6czz4Z72JGohasmSOP7Q9EXO6",
    "application": 3,
    "access_token": 17,
    "created": "2018-02-23T20:54:29.544Z",
    "updated": "2018-02-23T20:54:29.544Z"
  }
},
{
  "model": "oauth2_provider.refreshtoken",
  "pk": 17,
  "fields": {
    "user": 1,
    "token": "qyRslz3H4EixLGhgOgIHL73BA2mUuv",
    "application": 3,
    "access_token": 18,
    "created": "2018-02-23T20:55:34.408Z",
    "updated": "2018-02-23T20:55:34.408Z"
  }
},
{
  "model": "oauth2_provider.refreshtoken",
  "pk": 18,
  "fields": {
    "user": 1,
    "token": "GvhXSNIvsfmbuJQb8TMmKHNr8Yxqtk",
    "application": 1,
    "access_token": 19,
    "created": "2018-02-23T21:08:57.343Z",
    "updated": "2018-02-23T21:08:57.343Z"
  }
},
{
  "model": "oauth2_provider.refreshtoken",
  "pk": 19,
  "fields": {
    "user": 1,
    "token": "jbtf6P0glXd0DB5T85tIGacOZTQigz",
    "application": 1,
    "access_token": 20,
    "created": "2018-02-23T21:12:58.574Z",
    "updated": "2018-02-23T21:12:58.574Z"
  }
},
{
  "model": "oauth2_provider.refreshtoken",
  "pk": 20,
  "fields": {
    "user": 1,
    "token": "nW08KpbkEIhL0XSgsyv0frASaqhigy",
    "application": 3,
    "access_token": 21,
    "created": "2018-02-23T21:17:07.014Z",
    "updated": "2018-02-23T21:17:07.014Z"
  }
},
{
  "model": "oauth2_provider.refreshtoken",
  "pk": 21,
  "fields": {
    "user": 1,
    "token": "znym6WbUt2TrMq3xunMfK1QzfDKwFB",
    "application": 1,
    "access_token": 22,
    "created": "2018-02-23T21:20:11.508Z",
    "updated": "2018-02-23T21:20:11.508Z"
  }
},
{
  "model": "oauth2_provider.refreshtoken",
  "pk": 22,
  "fields": {
    "user": 1,
    "token": "MqTSBqIF85alvg96hID3mqqMATdmBB",
    "application": 1,
    "access_token": 23,
    "created": "2018-02-23T21:20:48.371Z",
    "updated": "2018-02-23T21:20:48.372Z"
  }
},
{
  "model": "oauth2_provider.refreshtoken",
  "pk": 23,
  "fields": {
    "user": 1,
    "token": "kdFS8URsYWjWeZ17iZPVZoP8pxrNuM",
    "application": 1,
    "access_token": 24,
    "created": "2018-02-23T21:21:53.925Z",
    "updated": "2018-02-23T21:21:53.925Z"
  }
},
{
  "model": "oauth2_provider.refreshtoken",
  "pk": 24,
  "fields": {
    "user": 1,
    "token": "kcnxVSbESHSVjeBLpGyY2RngK5SEix",
    "application": 1,
    "access_token": 25,
    "created": "2018-02-23T21:23:12.214Z",
    "updated": "2018-02-23T21:23:12.214Z"
  }
},
{
  "model": "oauth2_provider.refreshtoken",
  "pk": 25,
  "fields": {
    "user": 1,
    "token": "4imoc2Gnt3YGhoOjFBMtL8VEutl7SR",
    "application": 2,
    "access_token": 26,
    "created": "2018-02-23T21:24:38.961Z",
    "updated": "2018-02-23T21:24:38.961Z"
  }
},
{
  "model": "oauth2_provider.refreshtoken",
  "pk": 26,
  "fields": {
    "user": 1,
    "token": "SA2Plzo5AmjBQjMpvCE5EROlW8M31S",
    "application": 1,
    "access_token": 27,
    "created": "2018-02-23T21:27:30.753Z",
    "updated": "2018-02-23T21:27:30.753Z"
  }
},
{
  "model": "oauth2_provider.refreshtoken",
  "pk": 27,
  "fields": {
    "user": 1,
    "token": "7WL733k4eHRG9NumDfrO6jEJelYBW5",
    "application": 2,
    "access_token": 28,
    "created": "2018-02-23T21:34:13.938Z",
    "updated": "2018-02-23T21:34:13.938Z"
  }
},
{
  "model": "oauth2_provider.refreshtoken",
  "pk": 28,
  "fields": {
    "user": 1,
    "token": "GMmLDjk39z8SiQWvxSDAQutBrAmmVZ",
    "application": 2,
    "access_token": 29,
    "created": "2018-02-23T21:47:01.804Z",
    "updated": "2018-02-23T21:47:01.804Z"
  }
},
{
  "model": "oauth2_provider.refreshtoken",
  "pk": 29,
  "fields": {
    "user": 1,
    "token": "61sM6awnXB04Wh7MhSDBzXjb3Dnoqa",
    "application": 2,
    "access_token": 30,
    "created": "2018-02-23T21:57:47.706Z",
    "updated": "2018-02-23T21:57:47.706Z"
  }
},
{
  "model": "oauth2_provider.refreshtoken",
  "pk": 30,
  "fields": {
    "user": 1,
    "token": "lcUyhPxcI8qkRaBPf2X21nlR57cvrF",
    "application": 2,
    "access_token": 31,
    "created": "2018-02-23T22:04:58.146Z",
    "updated": "2018-02-23T22:04:58.146Z"
  }
},
{
  "model": "oauth2_provider.refreshtoken",
  "pk": 31,
  "fields": {
    "user": 1,
    "token": "Va3dXj3oA96ODmTcISfB3enY5pjxRZ",
    "application": 2,
    "access_token": 32,
    "created": "2018-02-23T22:05:18.794Z",
    "updated": "2018-02-23T22:05:18.794Z"
  }
},
{
  "model": "oauth2_provider.refreshtoken",
  "pk": 32,
  "fields": {
    "user": 1,
    "token": "052NTd9GW9G1yzMxkEMF5gKWTi3lu1",
    "application": 2,
    "access_token": 33,
    "created": "2018-02-23T22:22:21.840Z",
    "updated": "2018-02-23T22:22:21.840Z"
  }
},
{
  "model": "oauth2_provider.refreshtoken",
  "pk": 33,
  "fields": {
    "user": 1,
    "token": "HYQFXrBspX41hn3YSnRnC037e2izMk",
    "application": 1,
    "access_token": 34,
    "created": "2018-02-23T22:33:27.309Z",
    "updated": "2018-02-23T22:33:27.309Z"
  }
},
{
  "model": "oauth2_provider.refreshtoken",
  "pk": 34,
  "fields": {
    "user": 1,
    "token": "CDvUhqrQuSZCeFSLDFDBFAP2VgTPFi",
    "application": 1,
    "access_token": 35,
    "created": "2018-02-23T22:34:15.937Z",
    "updated": "2018-02-23T22:34:15.937Z"
  }
},
{
  "model": "oauth2_provider.refreshtoken",
  "pk": 35,
  "fields": {
    "user": 1,
    "token": "BshQx5giTOH3PhOdx6oNUdn1jjmmDW",
    "application": 1,
    "access_token": 36,
    "created": "2018-02-23T22:34:23.754Z",
    "updated": "2018-02-23T22:34:23.754Z"
  }
},
{
  "model": "oauth2_provider.refreshtoken",
  "pk": 36,
  "fields": {
    "user": 1,
    "token": "ZB1aOScK8owrK6iRArI9pzCy3z2u9Z",
    "application": 1,
    "access_token": 37,
    "created": "2018-02-23T22:39:37.314Z",
    "updated": "2018-02-23T22:39:37.314Z"
  }
},
{
  "model": "oauth2_provider.refreshtoken",
  "pk": 38,
  "fields": {
    "user": 1,
    "token": "mFdzQdOLGysWGWBCZ3ZApXmPUPN0WJ",
    "application": 1,
    "access_token": 39,
    "created": "2018-02-26T15:18:28.741Z",
    "updated": "2018-02-26T15:18:28.741Z"
  }
},
{
  "model": "oauth2_provider.refreshtoken",
  "pk": 39,
  "fields": {
    "user": 10,
    "token": "QrVZLNEoaxVKLQvQioMw6nc38MJuCw",
    "application": 1,
    "access_token": 40,
    "created": "2018-02-26T15:18:56.572Z",
    "updated": "2018-02-26T15:18:56.572Z"
  }
},
{
  "model": "oauth2_provider.refreshtoken",
  "pk": 40,
  "fields": {
    "user": 11,
    "token": "JHnnICqWuXBb9vb2WEafjcG5HBK2m7",
    "application": 1,
    "access_token": 41,
    "created": "2018-02-26T15:42:09.665Z",
    "updated": "2018-02-26T15:42:09.666Z"
  }
},
{
  "model": "oauth2_provider.refreshtoken",
  "pk": 44,
  "fields": {
    "user": 11,
    "token": "BDcA4fAyogFrvBWigE8lrfz9P5L8Io",
    "application": 1,
    "access_token": 45,
    "created": "2018-02-26T16:07:58.000Z",
    "updated": "2018-02-26T16:07:58.000Z"
  }
},
{
  "model": "oauth2_provider.refreshtoken",
  "pk": 45,
  "fields": {
    "user": 11,
    "token": "didjFoiKfneecDtfROqpmL8RIQjzhw",
    "application": 1,
    "access_token": 46,
    "created": "2018-02-26T16:07:59.729Z",
    "updated": "2018-02-26T16:07:59.729Z"
  }
},
{
  "model": "oauth2_provider.refreshtoken",
  "pk": 46,
  "fields": {
    "user": 11,
    "token": "oUNozMbEDb8QoxaophH5trxjQWPec8",
    "application": 1,
    "access_token": 47,
    "created": "2018-02-26T16:08:00.779Z",
    "updated": "2018-02-26T16:08:00.779Z"
  }
},
{
  "model": "oauth2_provider.refreshtoken",
  "pk": 47,
  "fields": {
    "user": 11,
    "token": "s1QHdvaLJB6ki5OAQb1vtGVb3fVt76",
    "application": 1,
    "access_token": 48,
    "created": "2018-02-26T16:08:01.957Z",
    "updated": "2018-02-26T16:08:01.957Z"
  }
},
{
  "model": "oauth2_provider.refreshtoken",
  "pk": 48,
  "fields": {
    "user": 11,
    "token": "YKZnmt3MB6WH8GCyLJjgiwguE1VXoy",
    "application": 1,
    "access_token": 49,
    "created": "2018-02-26T16:08:02.864Z",
    "updated": "2018-02-26T16:08:02.864Z"
  }
},
{
  "model": "oauth2_provider.refreshtoken",
  "pk": 49,
  "fields": {
    "user": 11,
    "token": "CHSbkaP5iIOkkFt6fXh0taxOU6wJml",
    "application": 1,
    "access_token": 50,
    "created": "2018-02-26T16:08:03.773Z",
    "updated": "2018-02-26T16:08:03.773Z"
  }
},
{
  "model": "oauth2_provider.refreshtoken",
  "pk": 50,
  "fields": {
    "user": 11,
    "token": "5Extq4QJTlo9WNiobRuDbIcLriEiim",
    "application": 1,
    "access_token": 51,
    "created": "2018-02-26T16:08:04.835Z",
    "updated": "2018-02-26T16:08:04.835Z"
  }
},
{
  "model": "oauth2_provider.refreshtoken",
  "pk": 51,
  "fields": {
    "user": 11,
    "token": "9ouGAMpjC5Byt1QhALBOOGpFwkVIPD",
    "application": 1,
    "access_token": 52,
    "created": "2018-02-26T16:08:05.959Z",
    "updated": "2018-02-26T16:08:05.959Z"
  }
},
{
  "model": "oauth2_provider.refreshtoken",
  "pk": 52,
  "fields": {
    "user": 11,
    "token": "9eXq4j4ExFmOxZEd0HUpAdxDrbBTJy",
    "application": 1,
    "access_token": 53,
    "created": "2018-02-26T16:08:06.958Z",
    "updated": "2018-02-26T16:08:06.958Z"
  }
},
{
  "model": "oauth2_provider.refreshtoken",
  "pk": 53,
  "fields": {
    "user": 11,
    "token": "Bs2shhWJa8RlyV2rFGjxLMNAflOkU8",
    "application": 1,
    "access_token": 54,
    "created": "2018-02-26T16:10:28.953Z",
    "updated": "2018-02-26T16:10:28.953Z"
  }
},
{
  "model": "oauth2_provider.refreshtoken",
  "pk": 54,
  "fields": {
    "user": 11,
    "token": "kWxiKSqV69tX01efMPFVGstC8k6FYR",
    "application": 1,
    "access_token": 55,
    "created": "2018-02-26T16:13:19.415Z",
    "updated": "2018-02-26T16:13:19.415Z"
  }
},
{
  "model": "oauth2_provider.refreshtoken",
  "pk": 55,
  "fields": {
    "user": 11,
    "token": "sK7MLV4NQFc8gYUNE3IlO6SEkw4wsC",
    "application": 1,
    "access_token": 56,
    "created": "2018-02-26T16:13:53.717Z",
    "updated": "2018-02-26T16:13:53.717Z"
  }
},
{
  "model": "oauth2_provider.refreshtoken",
  "pk": 57,
  "fields": {
    "user": 11,
    "token": "0xJHBzw6bmrWxiTicx6QW4ZV7mwOJT",
    "application": 1,
    "access_token": 58,
    "created": "2018-02-26T16:29:44.170Z",
    "updated": "2018-02-26T16:29:44.170Z"
  }
}
]
