[
{
  "model": "api.address",
  "pk": 6,
  "fields": {
    "street": "na",
    "department": 7,
    "province": 66,
    "district": 669
  }
},
{
  "model": "api.address",
  "pk": 7,
  "fields": {
    "street": "na",
    "department": 7,
    "province": 66,
    "district": 669
  }
},
{
  "model": "api.address",
  "pk": 8,
  "fields": {
    "street": "na",
    "department": 7,
    "province": 66,
    "district": 669
  }
},
{
  "model": "api.address",
  "pk": 9,
  "fields": {
    "street": "na",
    "department": 7,
    "province": 66,
    "district": 669
  }
},
{"model": "api.clasification", "pk": 1, "fields": {"name": "Popular", "created_at": "2018-02-08T14:39:12Z"}},
{
  "model": "api.queryplans",
  "pk": 2,
  "fields": {
    "name": "Minipack",
    "query_quantity": 6,
    "validity_months": 3,
    "maximum_response_time": 24,
    "price": "700.0000",
    "created_at": "2018-02-08T14:37:27Z",
    "is_active": true,
    "product_type": 1,
    "clasification": 1
  }
},
{
  "model": "api.queryplans",
  "pk": 3,
  "fields": {
    "name": "Pluspack",
    "query_quantity": 6,
    "validity_months": 3,
    "maximum_response_time": 24,
    "price": "700.0000",
    "created_at": "2018-02-08T14:37:27Z",
    "is_active": true,
    "product_type": 1,
    "clasification": 1
  }
},
{
  "model": "api.queryplans",
  "pk": 4,
  "fields": {
    "name": "SuperPack",
    "query_quantity": 6,
    "validity_months": 3,
    "maximum_response_time": 24,
    "price": "700.0000",
    "created_at": "2018-02-08T14:37:27Z",
    "is_active": true,
    "product_type": 1,
    "clasification": 1
  }
},
{
  "model": "api.saledetail",
  "pk": 1,
  "fields": {
    "price": "700.00",
    "description": "plan de consultas",
    "discount": "0.00",
    "pin_code": "INTEL12345",
    "is_billable": true,
    "contract": null,
    "product_type": 1,
    "sale": 1
  }
},
{
  "model": "api.saledetail",
  "pk": 2,
  "fields": {
    "price": "700.00",
    "description": "plan de consultas2",
    "discount": "0.00",
    "pin_code": "INTEL123452",
    "is_billable": true,
    "contract": null,
    "product_type": 1,
    "sale": 2
  }
},
{
  "model": "api.saledetail",
  "pk": 3,
  "fields": {
    "price": "700.00",
    "description": "plan de consultas3",
    "discount": "0.00",
    "pin_code": "INTEL123453",
    "is_billable": true,
    "contract": null,
    "product_type": 1,
    "sale": 3
  }
},
{
  "model": "api.saledetail",
  "pk": 4,
  "fields": {
    "price": "700.00",
    "description": "plan de consultas",
    "discount": "0.00",
    "pin_code": "INTEL123454",
    "is_billable": true,
    "contract": null,
    "product_type": 1,
    "sale": 1
  }
},
{
  "model": "api.saledetail",
  "pk": 5,
  "fields": {
    "price": "700.00",
    "description": "plan de consultas2",
    "discount": "0.00",
    "pin_code": "INTEL123455",
    "is_billable": true,
    "contract": null,
    "product_type": 1,
    "sale": 2
  }
},
{
  "model": "api.saledetail",
  "pk": 6,
  "fields": {
    "price": "700.00",
    "description": "plan de consultas3",
    "discount": "0.00",
    "pin_code": "INTEL123456",
    "is_billable": true,
    "contract": null,
    "product_type": 1,
    "sale": 3
  }
},
{
  "model": "api.saledetail",
  "pk": 7,
  "fields": {
    "price": "700.00",
    "description": "plan de consultas",
    "discount": "0.00",
    "pin_code": "INTEL123457",
    "is_billable": true,
    "contract": null,
    "product_type": 1,
    "sale": 1
  }
},
{
  "model": "api.saledetail",
  "pk": 8,
  "fields": {
    "price": "700.00",
    "description": "plan de consultas2",
    "discount": "0.00",
    "pin_code": "INTEL123458",
    "is_billable": true,
    "contract": null,
    "product_type": 1,
    "sale": 2
  }
},
{
  "model": "api.saledetail",
  "pk": 9,
  "fields": {
    "price": "700.00",
    "description": "plan de consultas3",
    "discount": "0.00",
    "pin_code": "INTEL123459",
    "is_billable": true,
    "contract": null,
    "product_type": 1,
    "sale": 3
  }
},
{
  "model": "api.saledetail",
  "pk": 10,
  "fields": {
    "price": "700.00",
    "description": "plan de consultas",
    "discount": "0.00",
    "pin_code": "INTEL1234510",
    "is_billable": true,
    "contract": null,
    "product_type": 1,
    "sale": 1
  }
},
{
  "model": "api.saledetail",
  "pk": 11,
  "fields": {
    "price": "700.00",
    "description": "plan de consultas2",
    "discount": "0.00",
    "pin_code": "INTEL1234511",
    "is_billable": true,
    "contract": null,
    "product_type": 1,
    "sale": 2
  }
},
{
  "model": "api.saledetail",
  "pk": 12,
  "fields": {
    "price": "700.00",
    "description": "plan de consultas3",
    "discount": "0.00",
    "pin_code": "INTEL1234512",
    "is_billable": true,
    "contract": null,
    "product_type": 1,
    "sale": 3
  }
},
{
  "model": "api.saledetail",
  "pk": 13,
  "fields": {
    "price": "700.00",
    "description": "plan de consultas",
    "discount": "0.00",
    "pin_code": "INTEL1234513",
    "is_billable": true,
    "contract": null,
    "product_type": 1,
    "sale": 1
  }
},
{
  "model": "api.saledetail",
  "pk": 14,
  "fields": {
    "price": "700.00",
    "description": "plan de consultas2",
    "discount": "0.00",
    "pin_code": "INTEL1234514",
    "is_billable": true,
    "contract": null,
    "product_type": 1,
    "sale": 2
  }
},
{
  "model": "api.saledetail",
  "pk": 15,
  "fields": {
    "price": "700.00",
    "description": "plan de consultas3",
    "discount": "0.00",
    "pin_code": "INTEL1234515",
    "is_billable": true,
    "contract": null,
    "product_type": 1,
    "sale": 3
  }
},
{
  "model": "api.saledetail",
  "pk": 16,
  "fields": {
    "price": "700.00",
    "description": "plan de consultas",
    "discount": "0.00",
    "pin_code": "INTEL1234516",
    "is_billable": true,
    "contract": null,
    "product_type": 1,
    "sale": 1
  }
},
{
  "model": "api.saledetail",
  "pk": 17,
  "fields": {
    "price": "700.00",
    "description": "plan de consultas2",
    "discount": "0.00",
    "pin_code": "INTEL1234517",
    "is_billable": true,
    "contract": null,
    "product_type": 1,
    "sale": 2
  }
},
{
  "model": "api.saledetail",
  "pk": 18,
  "fields": {
    "price": "700.00",
    "description": "plan de consultas3",
    "discount": "0.00",
    "pin_code": "INTEL1234518",
    "is_billable": true,
    "contract": null,
    "product_type": 1,
    "sale": 3
  }
},
{
  "model": "api.saledetail",
  "pk": 19,
  "fields": {
    "price": "700.00",
    "description": "plan de consultas",
    "discount": "0.00",
    "pin_code": "INTEL1234519",
    "is_billable": true,
    "contract": null,
    "product_type": 1,
    "sale": 1
  }
},
{
  "model": "api.saledetail",
  "pk": 20,
  "fields": {
    "price": "700.00",
    "description": "plan de consultas2",
    "discount": "0.00",
    "pin_code": "INTEL1234520",
    "is_billable": true,
    "contract": null,
    "product_type": 1,
    "sale": 2
  }
},
{
  "model": "api.saledetail",
  "pk": 21,
  "fields": {
    "price": "700.00",
    "description": "plan de consultas3",
    "discount": "0.00",
    "pin_code": "INTEL1234521",
    "is_billable": true,
    "contract": null,
    "product_type": 1,
    "sale": 3
  }
},
{
  "model": "api.saledetail",
  "pk": 22,
  "fields": {
    "price": "700.00",
    "description": "plan de consultas",
    "discount": "0.00",
    "pin_code": "INTEL1234522",
    "is_billable": true,
    "contract": null,
    "product_type": 1,
    "sale": 1
  }
},
{
  "model": "api.saledetail",
  "pk": 23,
  "fields": {
    "price": "700.00",
    "description": "plan de consultas2",
    "discount": "0.00",
    "pin_code": "INTEL1234523",
    "is_billable": true,
    "contract": null,
    "product_type": 1,
    "sale": 2
  }
},
{
  "model": "api.saledetail",
  "pk": 24,
  "fields": {
    "price": "700.00",
    "description": "plan de consultas3",
    "discount": "0.00",
    "pin_code": "INTEL1234524",
    "is_billable": true,
    "contract": null,
    "product_type": 1,
    "sale": 3
  }
},
{
  "model": "api.saledetail",
  "pk": 25,
  "fields": {
    "price": "700.00",
    "description": "plan de consultas3",
    "discount": "0.00",
    "pin_code": "INTEL1234525",
    "is_billable": true,
    "contract": null,
    "product_type": 1,
    "sale": 3
  }
},
{
  "model": "api.saledetail",
  "pk": 26,
  "fields": {
    "price": "700.00",
    "description": "plan de consultas3",
    "discount": "0.00",
    "pin_code": "INTEL1234525",
    "is_billable": true,
    "contract": null,
    "product_type": 1,
    "sale": 3
  }
},
{
  "model": "api.saledetail",
  "pk": 27,
  "fields": {
    "price": "700.00",
    "description": "plan de consultas3",
    "discount": "0.00",
    "pin_code": "INTEL1234525",
    "is_billable": true,
    "contract": null,
    "product_type": 1,
    "sale": 3
  }
},
{
  "model": "api.user",
  "pk": 1,
  "fields": {
    "password": "pbkdf2_sha256$36000$ZoKwG4C5uFXR$IDtDvqi2/fH+4Jw4NfiZd0JW13TJ2ARQM4FhAfWZn5g=",
    "last_login": "2017-10-02T22:26:08.423Z",
    "is_superuser": true,
    "username": "admin",
    "first_name": "",
    "last_name": "",
    "email": "",
    "is_staff": true,
    "is_active": true,
    "date_joined": "2017-10-02T21:17:37.995Z",
    "nick": "",
    "email_exact": "admin@email",
    "telephone": "",
    "cellphone": "",
    "code_telephone": null,
    "code_cellphone": null,
    "photo": "preview.png",
    "document_type": "",
    "document_number": "00",
    "img_document_number": null,
    "ruc": null,
    "code": "00",
    "anonymous": true,
    "updated_at": "2017-10-02T21:17:38.226Z",
    "nationality": 1,
    "role": 1,
    "address": null,
    "residence_country": null,
    "foreign_address": null,
    "key": null,
    "status": "0",
    "groups": [],
    "user_permissions": []
  }
},
{
  "model": "api.user",
  "pk": 3,
  "fields": {
    "password": "pbkdf2_sha256$36000$ZoKwG4C5uFXR$IDtDvqi2/fH+4Jw4NfiZd0JW13TJ2ARQM4FhAfWZn5g=",
    "last_login": null,
    "is_superuser": false,
    "username": "clientoscar@mail.com",
    "first_name": "",
    "last_name": "",
    "email": "",
    "is_staff": false,
    "is_active": true,
    "date_joined": "2018-02-07T17:09:39.233Z",
    "nick": "TheClient",
    "email_exact": "clientoscar@mail.com",
    "telephone": "9213223131231",
    "cellphone": "1231231",
    "code_telephone": null,
    "code_cellphone": null,
    "photo": "",
    "document_type": "0",
    "document_number": "9848283125125123123438498556464424",
    "img_document_number": "",
    "ruc": "2342342332523",
    "code": "C9848283125125123123438498556464424",
    "anonymous": true,
    "updated_at": "2018-02-07T17:09:39.466Z",
    "nationality": 1,
    "role": 2,
    "address": 6,
    "residence_country": 1,
    "foreign_address": "",
    "key": "",
    "status": "0",
    "groups": [],
    "user_permissions": []
  }
},
{
  "model": "api.user",
  "pk": 4,
  "fields": {
    "password": "pbkdf2_sha256$36000$DjB49YwHRIZg$Q/LnsILs4o+guLxCivJfNbvE0sV3n8OOGczrQSDWbe0=",
    "last_login": null,
    "is_superuser": false,
    "username": "cmoran@mail.com",
    "first_name": "Pedro",
    "last_name": "Moran",
    "email": "",
    "is_staff": false,
    "is_active": true,
    "date_joined": "2018-03-05T21:34:36.604Z",
    "nick": "cmorannick",
    "email_exact": "cmoran@mail.com",
    "telephone": "921471559",
    "cellphone": "921471559",
    "code_telephone": 18,
    "code_cellphone": 1,
    "photo": null,
    "document_type": "2",
    "document_number": "24612582",
    "img_document_number": null,
    "ruc": null,
    "code": "C24612582",
    "anonymous": true,
    "updated_at": "2018-03-05T21:34:36.669Z",
    "nationality": 1,
    "role": 2,
    "address": 7,
    "residence_country": 1,
    "foreign_address": null,
    "key": null,
    "status": "0",
    "groups": [],
    "user_permissions": []
  }
},
{
  "model": "api.user",
  "pk": 5,
  "fields": {
    "password": "pbkdf2_sha256$36000$DjB49YwHRIZg$Q/LnsILs4o+guLxCivJfNbvE0sV3n8OOGczrQSDWbe0=",
    "last_login": null,
    "is_superuser": false,
    "username": "emoran@mail.com",
    "first_name": "Pedro",
    "last_name": "Moran",
    "email": "",
    "is_staff": false,
    "is_active": true,
    "date_joined": "2018-03-05T21:35:00.992Z",
    "nick": "emoranNick",
    "email_exact": "emoran@mail.com",
    "telephone": "000231123",
    "cellphone": "00012231",
    "code_telephone": null,
    "code_cellphone": null,
    "photo": null,
    "document_type": "1",
    "document_number": "246125822",
    "img_document_number": null,
    "ruc": "316674344",
    "code": "E246125822",
    "anonymous": true,
    "updated_at": "2018-03-05T21:35:01.071Z",
    "nationality": 1,
    "role": 1,
    "address": 8,
    "residence_country": 1,
    "foreign_address": null,
    "key": "QHDLZI8E5R",
    "status": "0",
    "groups": [],
    "user_permissions": []
  }
},
{
  "model": "api.user",
  "pk": 6,
  "fields": {
    "password": "pbkdf2_sha256$36000$DjB49YwHRIZg$Q/LnsILs4o+guLxCivJfNbvE0sV3n8OOGczrQSDWbe0=",
    "last_login": null,
    "is_superuser": false,
    "username": "vmoran@mail.com",
    "first_name": "Pedro",
    "last_name": "Moran",
    "email": "",
    "is_staff": false,
    "is_active": true,
    "date_joined": "2018-03-05T21:35:27.538Z",
    "nick": "vmorannick",
    "email_exact": "vmoran@mail.com",
    "telephone": "9214715593",
    "cellphone": "9214715592",
    "code_telephone": null,
    "code_cellphone": null,
    "photo": null,
    "document_type": "2",
    "document_number": "246123423",
    "img_document_number": null,
    "ruc": null,
    "code": "V246123423",
    "anonymous": true,
    "updated_at": "2018-03-05T21:35:27.592Z",
    "nationality": 1,
    "role": 1,
    "address": 9,
    "residence_country": 1,
    "foreign_address": null,
    "key": "G8GAPXU05K",
    "status": "0",
    "groups": [],
    "user_permissions": []
  }
},
{
  "model": "api.client",
  "pk": 3,
  "fields": {
    "type_client": "b",
    "sex": "",
    "commercial_reason": "alpaneted",
    "civil_state": "",
    "birthdate": "1991-02-05",
    "ciiu": 5,
    "activity_description": "123131232321",
    "institute": "",
    "ocupation": "",
    "about": "1231231231231232123",
    "business_name": "alpanet",
    "agent_firstname": "Oscar",
    "agent_lastname": "Lopez",
    "position": "Gerente en Ventas",
    "profession": "",
    "economic_sector": 5,
    "level_instruction": null,
    "seller_asigned": null,
    "groups": [],
    "user_permissions": []
  }
},
{
  "model": "api.client",
  "pk": 4,
  "fields": {
    "type_client": "n",
    "sex": "m",
    "commercial_reason": null,
    "civil_state": "s",
    "birthdate": "1992-09-19",
    "ciiu": 2,
    "activity_description": "Loremp iptsum",
    "institute": "UPC",
    "ocupation": "0",
    "about": "iptsum aabout",
    "business_name": null,
    "agent_firstname": null,
    "agent_lastname": null,
    "position": null,
    "profession": "Gerente de Ventas",
    "economic_sector": null,
    "level_instruction": 1,
    "seller_asigned": null,
    "groups": [],
    "user_permissions": []
  }
},
{
  "model": "api.seller",
  "pk": 6,
  "fields": {
    "cv": null,
    "zone": null,
    "ciiu": 14,
    "groups": [],
    "user_permissions": []
  }
},
{
  "model": "api.specialist",
  "pk": 5,
  "fields": {
    "business_name": "PYMPACK",
    "type_specialist": "m",
    "star_rating": null,
    "cv": null,
    "payment_per_answer": "3.20",
    "category": 21,
    "groups": [],
    "user_permissions": []
  }
},{
  "model": "api.queryplansacquired",
  "pk": 1,
  "fields": {
    "expiration_date": "2018-05-29",
    "validity_months": 3,
    "available_queries": 6,
    "query_quantity": 6,
    "activation_date": null,
    "is_active": false,
    "is_chosen": false,
    "available_requeries": 1,
    "maximum_response_time": 24,
    "acquired_at": "2018-02-08T14:48:37Z",
    "plan_name": "Minipack",
    "client": 3,
    "query_plans": 2,
    "sale_detail": 1
  }
},
{
  "model": "api.queryplansacquired",
  "pk": 2,
  "fields": {
    "expiration_date": "2018-09-03",
    "validity_months": 6,
    "available_queries": 12,
    "query_quantity": 12,
    "activation_date": "2018-03-05",
    "is_active": false,
    "is_chosen": false,
    "available_requeries": 1,
    "maximum_response_time": 24,
    "acquired_at": "2018-02-08T14:48:37Z",
    "plan_name": "PlusPack2",
    "client": 3,
    "query_plans": 2,
    "sale_detail": 2
  }
},
{
  "model": "api.queryplansacquired",
  "pk": 3,
  "fields": {
    "expiration_date": "2018-05-15",
    "validity_months": 6,
    "available_queries": 12,
    "query_quantity": 12,
    "activation_date": null,
    "is_active": false,
    "is_chosen": false,
    "available_requeries": 1,
    "maximum_response_time": 24,
    "acquired_at": "2018-02-08T14:48:37Z",
    "plan_name": "PlusPack",
    "client": 4,
    "query_plans": 2,
    "sale_detail": 3
  }
},
{
  "model": "api.queryplansacquired",
  "pk": 4,
  "fields": {
    "expiration_date": "2018-05-15",
    "validity_months": 6,
    "available_queries": 12,
    "query_quantity": 12,
    "activation_date": null,
    "is_active": false,
    "is_chosen": false,
    "available_requeries": 1,
    "maximum_response_time": 24,
    "acquired_at": "2018-02-08T14:48:37Z",
    "plan_name": "PlusPack",
    "client": 4,
    "query_plans": 2,
    "sale_detail": 4
  }
},
{
  "model": "api.queryplansacquired",
  "pk": 5,
  "fields": {
    "expiration_date": "2018-05-15",
    "validity_months": 6,
    "available_queries": 12,
    "query_quantity": 12,
    "activation_date": null,
    "is_active": false,
    "is_chosen": false,
    "available_requeries": 1,
    "maximum_response_time": 24,
    "acquired_at": "2018-02-08T14:48:37Z",
    "plan_name": "PlusPack",
    "client": 4,
    "query_plans": 2,
    "sale_detail": 5
  }
},
{
  "model": "api.queryplansacquired",
  "pk": 6,
  "fields": {
    "expiration_date": "2018-05-15",
    "validity_months": 6,
    "available_queries": 12,
    "query_quantity": 12,
    "activation_date": null,
    "is_active": true,
    "is_chosen": false,
    "available_requeries": 1,
    "maximum_response_time": 24,
    "acquired_at": "2018-02-08T14:48:37Z",
    "plan_name": "PlusPack",
    "client": 4,
    "query_plans": 2,
    "sale_detail": 6
  }
},
{
  "model": "api.queryplansacquired",
  "pk": 7,
  "fields": {
    "expiration_date": "2018-05-15",
    "validity_months": 6,
    "available_queries": 12,
    "query_quantity": 12,
    "activation_date": null,
    "is_active": true,
    "is_chosen": true,
    "available_requeries": 1,
    "maximum_response_time": 24,
    "acquired_at": "2018-02-08T14:48:37Z",
    "plan_name": "PlusPack",
    "client": 4,
    "query_plans": 2,
    "sale_detail": 7
  }
},
{
  "model": "api.queryplansacquired",
  "pk": 8,
  "fields": {
    "expiration_date": "2018-05-15",
    "validity_months": 6,
    "available_queries": 12,
    "query_quantity": 12,
    "activation_date": null,
    "is_active": true,
    "is_chosen": true,
    "available_requeries": 1,
    "maximum_response_time": 24,
    "acquired_at": "2018-02-08T14:48:37Z",
    "plan_name": "PlusPack",
    "client": 3,
    "query_plans": 2,
    "sale_detail": 8
  }
},
{
  "model": "api.queryplansacquired",
  "pk": 9,
  "fields": {
    "expiration_date": "2018-05-15",
    "validity_months": 6,
    "available_queries": 12,
    "query_quantity": 12,
    "activation_date": null,
    "is_active": true,
    "is_chosen": false,
    "available_requeries": 1,
    "maximum_response_time": 24,
    "acquired_at": "2018-02-08T14:48:37Z",
    "plan_name": "PlusPack",
    "client": 3,
    "query_plans": 2,
    "sale_detail": 9
  }
},
{
  "model": "api.queryplansacquired",
  "pk": 10,
  "fields": {
    "expiration_date": "2018-05-15",
    "validity_months": 6,
    "available_queries": 12,
    "query_quantity": 12,
    "activation_date": null,
    "is_active": true,
    "is_chosen": false,
    "available_requeries": 1,
    "maximum_response_time": 24,
    "acquired_at": "2018-02-08T14:48:37Z",
    "plan_name": "PlusPack",
    "client": 3,
    "query_plans": 2,
    "sale_detail": 10
  }
},
{
  "model": "api.queryplansacquired",
  "pk": 11,
  "fields": {
    "expiration_date": "2018-05-15",
    "validity_months": 6,
    "available_queries": 12,
    "query_quantity": 12,
    "activation_date": null,
    "is_active": true,
    "is_chosen": false,
    "available_requeries": 1,
    "maximum_response_time": 24,
    "acquired_at": "2018-02-08T14:48:37Z",
    "plan_name": "PlusPack",
    "client": 3,
    "query_plans": 2,
    "sale_detail": 11
  }
},
{
  "model": "api.queryplansacquired",
  "pk": 12,
  "fields": {
    "expiration_date": "2018-05-15",
    "validity_months": 6,
    "available_queries": 12,
    "query_quantity": 12,
    "activation_date": null,
    "is_active": true,
    "is_chosen": false,
    "available_requeries": 1,
    "maximum_response_time": 24,
    "acquired_at": "2018-02-08T14:48:37Z",
    "plan_name": "PlusPack",
    "client": 3,
    "query_plans": 2,
    "sale_detail": 12
  }
},
{
  "model": "api.queryplansacquired",
  "pk": 13,
  "fields": {
    "expiration_date": "2018-05-15",
    "validity_months": 6,
    "available_queries": 12,
    "query_quantity": 12,
    "activation_date": null,
    "is_active": true,
    "is_chosen": false,
    "available_requeries": 1,
    "maximum_response_time": 24,
    "acquired_at": "2018-02-08T14:48:37Z",
    "plan_name": "PlusPack",
    "client": 3,
    "query_plans": 2,
    "sale_detail": 13
  }
},
{
  "model": "api.queryplansacquired",
  "pk": 14,
  "fields": {
    "expiration_date": "2018-05-15",
    "validity_months": 6,
    "available_queries": 12,
    "query_quantity": 12,
    "activation_date": null,
    "is_active": true,
    "is_chosen": false,
    "available_requeries": 1,
    "maximum_response_time": 24,
    "acquired_at": "2018-02-08T14:48:37Z",
    "plan_name": "PlusPack",
    "client": 3,
    "query_plans": 2,
    "sale_detail": 14
  }
},
{
  "model": "api.queryplansacquired",
  "pk": 15,
  "fields": {
    "expiration_date": "2018-05-15",
    "validity_months": 6,
    "available_queries": 12,
    "query_quantity": 12,
    "activation_date": null,
    "is_active": true,
    "is_chosen": false,
    "available_requeries": 1,
    "maximum_response_time": 24,
    "acquired_at": "2018-02-08T14:48:37Z",
    "plan_name": "PlusPack",
    "client": 3,
    "query_plans": 2,
    "sale_detail": 15
  }
},
{
  "model": "api.queryplansacquired",
  "pk": 16,
  "fields": {
    "expiration_date": "2018-05-15",
    "validity_months": 6,
    "available_queries": 12,
    "query_quantity": 12,
    "activation_date": null,
    "is_active": true,
    "is_chosen": false,
    "available_requeries": 1,
    "maximum_response_time": 24,
    "acquired_at": "2018-02-08T14:48:37Z",
    "plan_name": "PlusPack",
    "client": 3,
    "query_plans": 2,
    "sale_detail": 16
  }
},
{
  "model": "api.queryplansacquired",
  "pk": 17,
  "fields": {
    "expiration_date": "2018-05-15",
    "validity_months": 6,
    "available_queries": 12,
    "query_quantity": 12,
    "activation_date": null,
    "is_active": true,
    "is_chosen": false,
    "available_requeries": 1,
    "maximum_response_time": 24,
    "acquired_at": "2018-02-08T14:48:37Z",
    "plan_name": "PlusPack",
    "client": 3,
    "query_plans": 2,
    "sale_detail": 17
  }
},
{
  "model": "api.queryplansacquired",
  "pk": 18,
  "fields": {
    "expiration_date": "2018-05-15",
    "validity_months": 6,
    "available_queries": 12,
    "query_quantity": 12,
    "activation_date": null,
    "is_active": true,
    "is_chosen": false,
    "available_requeries": 1,
    "maximum_response_time": 24,
    "acquired_at": "2018-02-08T14:48:37Z",
    "plan_name": "PlusPack",
    "client": 3,
    "query_plans": 2,
    "sale_detail": 18
  }
},
{
  "model": "api.queryplansacquired",
  "pk": 19,
  "fields": {
    "expiration_date": "2018-05-15",
    "validity_months": 6,
    "available_queries": 12,
    "query_quantity": 12,
    "activation_date": null,
    "is_active": true,
    "is_chosen": false,
    "available_requeries": 1,
    "maximum_response_time": 24,
    "acquired_at": "2018-02-08T14:48:37Z",
    "plan_name": "PlusPack19",
    "client": 3,
    "query_plans": 2,
    "sale_detail": 19
  }
},
{
  "model": "api.queryplansacquired",
  "pk": 20,
  "fields": {
    "expiration_date": "2018-05-15",
    "validity_months": 6,
    "available_queries": 12,
    "query_quantity": 12,
    "activation_date": null,
    "is_active": true,
    "is_chosen": false,
    "available_requeries": 1,
    "maximum_response_time": 24,
    "acquired_at": "2018-02-08T14:48:37Z",
    "plan_name": "PlusPack20",
    "client": 3,
    "query_plans": 2,
    "sale_detail": 20
  }
},
{
  "model": "api.queryplansacquired",
  "pk": 21,
  "fields": {
    "expiration_date": "2018-05-15",
    "validity_months": 6,
    "available_queries": 12,
    "query_quantity": 12,
    "activation_date": null,
    "is_active": true,
    "is_chosen": false,
    "available_requeries": 1,
    "maximum_response_time": 24,
    "acquired_at": "2018-02-08T14:48:37Z",
    "plan_name": "PlusPack21",
    "client": 3,
    "query_plans": 2,
    "sale_detail": 21
  }
},
{
  "model": "api.queryplansacquired",
  "pk": 22,
  "fields": {
    "expiration_date": "2018-05-15",
    "validity_months": 6,
    "available_queries": 12,
    "query_quantity": 12,
    "activation_date": null,
    "is_active": true,
    "is_chosen": false,
    "available_requeries": 1,
    "maximum_response_time": 24,
    "acquired_at": "2018-02-08T14:48:37Z",
    "plan_name": "PlusPack",
    "client": 3,
    "query_plans": 2,
    "sale_detail": 22
  }
},
{
  "model": "api.queryplansacquired",
  "pk": 23,
  "fields": {
    "expiration_date": "2018-05-15",
    "validity_months": 6,
    "available_queries": 12,
    "query_quantity": 12,
    "activation_date": null,
    "is_active": true,
    "is_chosen": false,
    "available_requeries": 1,
    "maximum_response_time": 24,
    "acquired_at": "2018-02-08T14:48:37Z",
    "plan_name": "PlusPack",
    "client": 3,
    "query_plans": 2,
    "sale_detail": 23
  }
},
{
  "model": "api.queryplansacquired",
  "pk": 24,
  "fields": {
    "expiration_date": "2018-05-15",
    "validity_months": 6,
    "available_queries": 12,
    "query_quantity": 12,
    "activation_date": null,
    "is_active": true,
    "is_chosen": false,
    "available_requeries": 1,
    "maximum_response_time": 24,
    "acquired_at": "2018-02-08T14:48:37Z",
    "plan_name": "PlusPack",
    "client": 3,
    "query_plans": 2,
    "sale_detail": 24
  }
},
{
  "model": "api.queryplansacquired",
  "pk": 25,
  "fields": {
    "expiration_date": "2018-05-15",
    "validity_months": 6,
    "available_queries": 12,
    "query_quantity": 12,
    "activation_date": null,
    "is_active": true,
    "is_chosen": false,
    "available_requeries": 1,
    "maximum_response_time": 24,
    "acquired_at": "2018-02-08T14:48:37Z",
    "plan_name": "PlusPackLast25",
    "client": 3,
    "query_plans": 2,
    "sale_detail": 25
  }
},
{
  "model": "api.queryplansacquired",
  "pk": 26,
  "fields": {
    "expiration_date": "2018-05-15",
    "validity_months": 6,
    "available_queries": 12,
    "query_quantity": 12,
    "activation_date": null,
    "is_active": true,
    "is_chosen": false,
    "available_requeries": 1,
    "maximum_response_time": 24,
    "acquired_at": "2018-02-08T14:48:37Z",
    "plan_name": "PlusPack26",
    "client": 3,
    "query_plans": 2,
    "sale_detail": 26
  }
},
{
  "model": "api.queryplansacquired",
  "pk": 27,
  "fields": {
    "expiration_date": "2018-05-15",
    "validity_months": 6,
    "available_queries": 12,
    "query_quantity": 12,
    "activation_date": null,
    "is_active": true,
    "is_chosen": false,
    "available_requeries": 1,
    "maximum_response_time": 24,
    "acquired_at": "2018-02-08T14:48:37Z",
    "plan_name": "PlusPack27",
    "client": 3,
    "query_plans": 2,
    "sale_detail": 27
  }
},
{
  "model": "api.sale",
  "pk": 1,
  "fields": {
    "created_at": "2018-02-08T14:28:25Z",
    "place": "BCP",
    "total_amount": "700.00",
    "reference_number": "CD1000",
    "description": "Test",
    "is_fee": true,
    "client": 3,
    "seller": null
  }
},
{
  "model": "api.sale",
  "pk": 2,
  "fields": {
    "created_at": "2018-02-15T14:28:25Z",
    "place": "BCP",
    "total_amount": "700.00",
    "reference_number": "CD1001",
    "description": "Test2",
    "is_fee": true,
    "client": 3,
    "seller": null
  }
},
{
  "model": "api.sale",
  "pk": 3,
  "fields": {
    "created_at": "2018-02-08T14:28:25Z",
    "place": "BCP",
    "total_amount": "700.00",
    "reference_number": "CD1002",
    "description": "Test3",
    "is_fee": true,
    "client": 3,
    "seller": null
  }
},
{
  "model": "oauth2_provider.accesstoken",
  "pk": 1,
  "fields": {
    "user": 1,
    "token": "EGsnU4Cz3Mx5bUCuLrc2hmup51sSGz",
    "application": 1,
    "expires": "9999-12-31T23:59:59Z",
    "scope": "",
    "created": "2016-12-31T23:59:59Z",
    "updated": "2017-10-02T22:27:09.173Z"
  }
},
{
  "model": "oauth2_provider.accesstoken",
  "pk": 2,
  "fields": {
    "user": 3,
    "token": "kEphPGlavEforKavpDzuZSgK0zpoX5",
    "application": 1,
    "expires": "9999-12-31T23:59:59Z",
    "scope": "",
    "created": "2016-12-31T23:59:59Z",
    "updated": "2017-10-02T22:27:09.173Z"
  }
}
]
