[
{
  "model": "api.address",
  "pk": 6,
  "fields": {
    "street": "na",
    "department": 7,
    "province": 66,
    "district": 669
  }
},
{
  "model": "api.address",
  "pk": 7,
  "fields": {
    "street": "na",
    "department": 7,
    "province": 66,
    "district": 669
  }
},
{
  "model": "api.address",
  "pk": 8,
  "fields": {
    "street": "na",
    "department": 7,
    "province": 66,
    "district": 669
  }
},
{
  "model": "api.address",
  "pk": 9,
  "fields": {
    "street": "na",
    "department": 7,
    "province": 66,
    "district": 669
  }
},
{
  "model": "api.saledetail",
  "pk": 1,
  "fields": {
    "price": "700.00",
    "description": "plan de consultas",
    "discount": "0.00",
    "pin_code": "INTEL12345",
    "is_billable": true,
    "contract": null,
    "product_type": 1,
    "sale": 1
  }
},
{
  "model": "api.saledetail",
  "pk": 2,
  "fields": {
    "price": "700.00",
    "description": "plan de consultas2",
    "discount": "0.00",
    "pin_code": "INTEL123452",
    "is_billable": true,
    "contract": null,
    "product_type": 1,
    "sale": 2
  }
},
{
  "model": "api.saledetail",
  "pk": 3,
  "fields": {
    "price": "700.00",
    "description": "plan de consultas3",
    "discount": "0.00",
    "pin_code": "INTEL123453",
    "is_billable": true,
    "contract": null,
    "product_type": 1,
    "sale": 3
  }
},
{
  "model": "api.saledetail",
  "pk": 4,
  "fields": {
    "price": "700.00",
    "description": "plan de consultas",
    "discount": "0.00",
    "pin_code": "INTEL123454",
    "is_billable": true,
    "contract": null,
    "product_type": 1,
    "sale": 1
  }
},
{
  "model": "api.saledetail",
  "pk": 5,
  "fields": {
    "price": "700.00",
    "description": "plan de consultas2",
    "discount": "0.00",
    "pin_code": "INTEL123455",
    "is_billable": true,
    "contract": null,
    "product_type": 1,
    "sale": 2
  }
},
{
  "model": "api.saledetail",
  "pk": 6,
  "fields": {
    "price": "700.00",
    "description": "plan de consultas3",
    "discount": "0.00",
    "pin_code": "INTEL123456",
    "is_billable": true,
    "contract": null,
    "product_type": 1,
    "sale": 3
  }
},
{
  "model": "api.saledetail",
  "pk": 7,
  "fields": {
    "price": "700.00",
    "description": "plan de consultas",
    "discount": "0.00",
    "pin_code": "INTEL123457",
    "is_billable": true,
    "contract": null,
    "product_type": 1,
    "sale": 1
  }
},
{
  "model": "api.saledetail",
  "pk": 8,
  "fields": {
    "price": "700.00",
    "description": "plan de consultas2",
    "discount": "0.00",
    "pin_code": "INTEL123458",
    "is_billable": true,
    "contract": null,
    "product_type": 1,
    "sale": 2
  }
},
{
  "model": "api.saledetail",
  "pk": 9,
  "fields": {
    "price": "700.00",
    "description": "plan de consultas3",
    "discount": "0.00",
    "pin_code": "INTEL123459",
    "is_billable": true,
    "contract": null,
    "product_type": 1,
    "sale": 3
  }
},
{
  "model": "api.saledetail",
  "pk": 10,
  "fields": {
    "price": "700.00",
    "description": "plan de consultas",
    "discount": "0.00",
    "pin_code": "INTEL1234510",
    "is_billable": true,
    "contract": null,
    "product_type": 1,
    "sale": 1
  }
},
{
  "model": "api.saledetail",
  "pk": 11,
  "fields": {
    "price": "700.00",
    "description": "plan de consultas2",
    "discount": "0.00",
    "pin_code": "INTEL1234511",
    "is_billable": true,
    "contract": null,
    "product_type": 1,
    "sale": 2
  }
},
{
  "model": "api.saledetail",
  "pk": 12,
  "fields": {
    "price": "700.00",
    "description": "plan de consultas3",
    "discount": "0.00",
    "pin_code": "INTEL1234512",
    "is_billable": true,
    "contract": null,
    "product_type": 1,
    "sale": 3
  }
},
{
  "model": "api.saledetail",
  "pk": 13,
  "fields": {
    "price": "700.00",
    "description": "plan de consultas",
    "discount": "0.00",
    "pin_code": "INTEL1234513",
    "is_billable": true,
    "contract": null,
    "product_type": 1,
    "sale": 1
  }
},
{
  "model": "api.saledetail",
  "pk": 14,
  "fields": {
    "price": "700.00",
    "description": "plan de consultas2",
    "discount": "0.00",
    "pin_code": "INTEL1234514",
    "is_billable": true,
    "contract": null,
    "product_type": 1,
    "sale": 2
  }
},
{
  "model": "api.saledetail",
  "pk": 15,
  "fields": {
    "price": "700.00",
    "description": "plan de consultas3",
    "discount": "0.00",
    "pin_code": "INTEL1234515",
    "is_billable": true,
    "contract": null,
    "product_type": 1,
    "sale": 3
  }
},
{
  "model": "api.saledetail",
  "pk": 16,
  "fields": {
    "price": "700.00",
    "description": "plan de consultas",
    "discount": "0.00",
    "pin_code": "INTEL1234516",
    "is_billable": true,
    "contract": null,
    "product_type": 1,
    "sale": 1
  }
},
{
  "model": "api.saledetail",
  "pk": 17,
  "fields": {
    "price": "700.00",
    "description": "plan de consultas2",
    "discount": "0.00",
    "pin_code": "INTEL1234517",
    "is_billable": true,
    "contract": null,
    "product_type": 1,
    "sale": 2
  }
},
{
  "model": "api.saledetail",
  "pk": 18,
  "fields": {
    "price": "700.00",
    "description": "plan de consultas3",
    "discount": "0.00",
    "pin_code": "INTEL1234518",
    "is_billable": true,
    "contract": null,
    "product_type": 1,
    "sale": 3
  }
},
{
  "model": "api.saledetail",
  "pk": 19,
  "fields": {
    "price": "700.00",
    "description": "plan de consultas",
    "discount": "0.00",
    "pin_code": "INTEL1234519",
    "is_billable": true,
    "contract": null,
    "product_type": 1,
    "sale": 1
  }
},
{
  "model": "api.saledetail",
  "pk": 20,
  "fields": {
    "price": "700.00",
    "description": "plan de consultas2",
    "discount": "0.00",
    "pin_code": "INTEL1234520",
    "is_billable": true,
    "contract": null,
    "product_type": 1,
    "sale": 2
  }
},
{
  "model": "api.saledetail",
  "pk": 21,
  "fields": {
    "price": "700.00",
    "description": "plan de consultas3",
    "discount": "0.00",
    "pin_code": "INTEL1234521",
    "is_billable": true,
    "contract": null,
    "product_type": 1,
    "sale": 3
  }
},
{
  "model": "api.saledetail",
  "pk": 22,
  "fields": {
    "price": "700.00",
    "description": "plan de consultas",
    "discount": "0.00",
    "pin_code": "INTEL1234522",
    "is_billable": true,
    "contract": null,
    "product_type": 1,
    "sale": 1
  }
},
{
  "model": "api.saledetail",
  "pk": 23,
  "fields": {
    "price": "700.00",
    "description": "plan de consultas2",
    "discount": "0.00",
    "pin_code": "INTEL1234523",
    "is_billable": true,
    "contract": null,
    "product_type": 1,
    "sale": 2
  }
},
{
  "model": "api.saledetail",
  "pk": 24,
  "fields": {
    "price": "700.00",
    "description": "plan de consultas3",
    "discount": "0.00",
    "pin_code": "INTEL1234524",
    "is_billable": true,
    "contract": null,
    "product_type": 1,
    "sale": 3
  }
},
{
  "model": "api.saledetail",
  "pk": 25,
  "fields": {
    "price": "700.00",
    "description": "plan de consultas3",
    "discount": "0.00",
    "pin_code": "INTEL1234525",
    "is_billable": true,
    "contract": null,
    "product_type": 1,
    "sale": 3
  }
},
{
  "model": "api.saledetail",
  "pk": 26,
  "fields": {
    "price": "700.00",
    "description": "plan de consultas3",
    "discount": "0.00",
    "pin_code": "INTEL1234525",
    "is_billable": true,
    "contract": null,
    "product_type": 1,
    "sale": 3
  }
},
{
  "model": "api.saledetail",
  "pk": 27,
  "fields": {
    "price": "700.00",
    "description": "plan de consultas3",
    "discount": "0.00",
    "pin_code": "INTEL1234525",
    "is_billable": true,
    "contract": null,
    "product_type": 1,
    "sale": 3
  }
},
{
  "model": "api.saledetail",
  "pk": 28,
  "fields": {
    "price": "700.00",
    "description": "plan de consultas3",
    "discount": "0.00",
    "pin_code": "INTEL1234528",
    "is_billable": true,
    "contract": null,
    "product_type": 1,
    "sale": 3
  }
},

{
  "model": "api.user",
  "pk": 3,
  "fields": {
    "password": "pbkdf2_sha256$36000$DjB49YwHRIZg$Q/LnsILs4o+guLxCivJfNbvE0sV3n8OOGczrQSDWbe0=",
    "last_login": null,
    "is_superuser": false,
    "username": "clientoscar@mail.com",
    "first_name": "Victor",
    "last_name": "Agama Anduaga",
    "email": "",
    "is_staff": false,
    "is_active": true,
    "date_joined": "2018-02-07T17:09:39.233Z",
    "nick": "TheClient",
    "email_exact": "clientoscar@mail.com",
    "telephone": "9213223131231",
    "cellphone": "1231231",
    "code_telephone": null,
    "code_cellphone": null,
    "photo": "https://media.licdn.com/dms/image/C4E03AQEOK5k146CzGQ/profile-displayphoto-shrink_800_800/0?e=1541635200&v=beta&t=QxVaMbCKS_Zi-I6TDxOD5eUJVb1aCLpLYl72yt4nDYY",
    "document_type": 1,
    "document_number": "98482831251464424",
    "img_document_number": "",
    "ruc": "234234233252",
    "code": "C98482831251464424",
    "anonymous": true,
    "updated_at": "2018-02-07T17:09:39.466Z",
    "nationality": 1,
    "role": 2,
    "address": 6,
    "residence_country": 1,
    "foreign_address": "",
    "key": "",
    "status": 1,
    "groups": [],
    "user_permissions": []
  }
},
{
  "model": "api.user",
  "pk": 4,
  "fields": {
    "password": "pbkdf2_sha256$36000$DjB49YwHRIZg$Q/LnsILs4o+guLxCivJfNbvE0sV3n8OOGczrQSDWbe0=",
    "last_login": null,
    "is_superuser": false,
    "username": "cmoran@mail.com",
    "first_name": "Winner",
    "last_name": "Agurto Marchan",
    "email": "",
    "is_staff": false,
    "is_active": true,
    "date_joined": "2018-03-05T21:34:36.604Z",
    "nick": "cmorannick",
    "email_exact": "cmoran@mail.com",
    "telephone": "921471559",
    "cellphone": "921471559",
    "code_telephone": 18,
    "code_cellphone": 1,
    "photo": "https://media.licdn.com/dms/image/C5603AQHtuLDBCqv5eg/profile-displayphoto-shrink_800_800/0?e=1541635200&v=beta&t=mf8WVHccuSIgYNHjzLw502vg1R9d-EtSiVD8lHXIRbg",
    "document_type": 2,
    "document_number": "24612582",
    "img_document_number": null,
    "ruc": null,
    "code": "C24612582",
    "anonymous": true,
    "updated_at": "2018-03-05T21:34:36.669Z",
    "nationality": 1,
    "role": 2,
    "address": 7,
    "residence_country": 1,
    "foreign_address": null,
    "key": null,
    "status": 1,
    "groups": [],
    "user_permissions": []
  }
},


{
  "model": "api.user",
  "pk": 6,
  "fields": {
    "password": "pbkdf2_sha256$36000$DjB49YwHRIZg$Q/LnsILs4o+guLxCivJfNbvE0sV3n8OOGczrQSDWbe0=",
    "last_login": null,
    "is_superuser": false,
    "username": "vendedor@mail.com",
    "first_name": "Juan",
    "last_name": "Alcarraz Contreras",
    "email": "",
    "is_staff": false,
    "is_active": true,
    "date_joined": "2018-03-05T21:35:27.538Z",
    "nick": "vendedornick",
    "email_exact": "vendedor@mail.com",
    "telephone": "9214715593",
    "cellphone": "9214715592",
    "code_telephone": null,
    "code_cellphone": null,
    "photo": "https://media.licdn.com/dms/image/C5603AQGhy6Um3CWGRA/profile-displayphoto-shrink_800_800/0?e=1541635200&v=beta&t=h0IN0Y_mzyHY_82RtffRVax7rQG5TVFrZsHTTMO7fqg",
    "document_type": 2,
    "document_number": "246123423",
    "img_document_number": null,
    "ruc": null,
    "code": "V246123423",
    "anonymous": true,
    "updated_at": "2018-03-05T21:35:27.592Z",
    "nationality": 1,
    "role": 4,
    "address": 9,
    "residence_country": 1,
    "foreign_address": null,
    "key": "G8GAPXU05K",
    "status": 1,
    "groups": [],
    "user_permissions": []
  }
},
{
  "model": "api.user",
  "pk": 12,
  "fields": {
    "password": "pbkdf2_sha256$36000$DjB49YwHRIZg$Q/LnsILs4o+guLxCivJfNbvE0sV3n8OOGczrQSDWbe0=",
    "last_login": null,
    "is_superuser": false,
    "username": "test.user@mail.com",
    "first_name": "Luis",
    "last_name": "Alejandro Laurente",
    "email": "",
    "is_staff": false,
    "is_active": true,
    "date_joined": "2018-03-08T20:11:50.434Z",
    "nick": "Bob32",
    "email_exact": "test.user@mail.com",
    "telephone": "921471559",
    "cellphone": "921471559",
    "code_telephone": null,
    "code_cellphone": null,
    "photo": "https://media.licdn.com/dms/image/C5103AQFqjVq6ZsiRJg/profile-displayphoto-shrink_800_800/0?e=1541635200&v=beta&t=TQM79nWeWi2978c30oIFDCqXDFFcFBLhQeghuZCAoVE",
    "document_type": 2,
    "document_number": "20155984",
    "img_document_number": "",
    "ruc": "",
    "code": "C20155984",
    "anonymous": true,
    "updated_at": "2018-03-08T20:11:50.465Z",
    "nationality": 1,
    "role": 2,
    "address": 8,
    "residence_country": 1,
    "foreign_address": "",
    "key": "",
    "status": 1,
    "groups": [],
    "user_permissions": []
  }
},



{
  "model": "api.user",
  "pk": 5,
  "fields": {
    "password": "pbkdf2_sha256$36000$DjB49YwHRIZg$Q/LnsILs4o+guLxCivJfNbvE0sV3n8OOGczrQSDWbe0=",
    "last_login": null,
    "is_superuser": false,
    "username": "impuestos@mail.com",
    "first_name": "Carlos",
    "last_name": "Alfaro Canterac",
    "email": "",
    "is_staff": false,
    "is_active": true,
    "date_joined": "2018-03-05T21:35:00.992Z",
    "nick": "emoranNick",
    "email_exact": "impuestos@mail.com",
    "telephone": "000231123",
    "cellphone": "00012231",
    "code_telephone": null,
    "code_cellphone": null,
    "photo": "https://media.licdn.com/dms/image/C4D03AQHsGnu-OWHkdA/profile-displayphoto-shrink_800_800/0?e=1541635200&v=beta&t=M6naZAU0nJaF99CQUkBD7fkrIJg7esFaLWul0zaKpuE",
    "document_type": 1,
    "document_number": "246125822",
    "img_document_number": null,
    "ruc": "316674344",
    "code": "E246125822",
    "anonymous": true,
    "updated_at": "2018-03-05T21:35:01.071Z",
    "nationality": 1,
    "role": 3,
    "address": 8,
    "residence_country": 1,
    "foreign_address": null,
    "key": "QHDLZI8E5R",
    "status": 1,
    "groups": [],
    "user_permissions": []
  }
},

{
  "model": "api.user",
  "pk": 14,
  "fields": {
    "password": "pbkdf2_sha256$36000$DjB49YwHRIZg$Q/LnsILs4o+guLxCivJfNbvE0sV3n8OOGczrQSDWbe0=",
    "last_login": null,
    "is_superuser": false,
    "username": "contabilidad@mail.com",
    "first_name": "Oscar",
    "last_name": "Aller Rojas",
    "email": "",
    "is_staff": false,
    "is_active": true,
    "date_joined": "2018-02-07T17:09:39.233Z",
    "nick": "accounting ML",
    "email_exact": "contabilidad@mail.com",
    "telephone": "9213223131231",
    "cellphone": "1231231",
    "code_telephone": null,
    "code_cellphone": null,
    "photo": "https://media.licdn.com/dms/image/C4E03AQFOTVopBhh_DQ/profile-displayphoto-shrink_800_800/0?e=1541635200&v=beta&t=GsdX_ftvbFYVcfkTWuQhzR4bNyZJLb_31URhXdEywAw",
    "document_type": 1,
    "document_number": "32145672",
    "img_document_number": "",
    "ruc": "32145672",
    "code": "E3145672",
    "anonymous": true,
    "updated_at": "2018-02-07T17:09:39.466Z",
    "nationality": 1,
    "role": 3,
    "address": 8,
    "residence_country": 1,
    "foreign_address": "",
    "key": "123456",
    "status": 1,
    "groups": [],
    "user_permissions": []
  }
},
{
  "model": "api.user",
  "pk": 15,
  "fields": {
    "password": "pbkdf2_sha256$36000$DjB49YwHRIZg$Q/LnsILs4o+guLxCivJfNbvE0sV3n8OOGczrQSDWbe0=",
    "last_login": null,
    "is_superuser": false,
    "username": "derechotributario@mail.com",
    "first_name": "Eduardo",
    "last_name": "Alvarez Abanto",
    "email": "",
    "is_staff": false,
    "is_active": true,
    "date_joined": "2018-03-05T21:34:36.604Z",
    "nick": "taxlaw ML",
    "email_exact": "derechotributario@mail.com",
    "telephone": "921471559",
    "cellphone": "921471559",
    "code_telephone": 18,
    "code_cellphone": 1,
    "photo": "https://media.licdn.com/dms/image/C4E03AQGd5CMz_FSPuw/profile-displayphoto-shrink_800_800/0?e=1541635200&v=beta&t=1YCvEZpnKU_EyJGK7ayEX3t0zukt5OrUHA13iZjnSjI",
    "document_type": 2,
    "document_number": "32145673",
    "img_document_number": "",
    "ruc": "32145673",
    "code": "E3145673",
    "anonymous": true,
    "updated_at": "2018-03-05T21:34:36.669Z",
    "nationality": 1,
    "role": 3,
    "address": 8,
    "residence_country": 1,
    "foreign_address": "",
    "key": "123456",
    "status": 1,
    "groups": [],
    "user_permissions": []
  }
},
{
  "model": "api.user",
  "pk": 16,
  "fields": {
    "password": "pbkdf2_sha256$36000$DjB49YwHRIZg$Q/LnsILs4o+guLxCivJfNbvE0sV3n8OOGczrQSDWbe0=",
    "last_login": null,
    "is_superuser": false,
    "username": "finanzas@mail.com",
    "first_name": "Luisa",
    "last_name": "Alvarez Benaute",
    "email": "",
    "is_staff": false,
    "is_active": true,
    "date_joined": "2018-03-05T21:35:00.992Z",
    "nick": "finance ML",
    "email_exact": "finanzas@mail.com",
    "telephone": "000231123",
    "cellphone": "00012231",
    "code_telephone": null,
    "code_cellphone": null,
    "photo": "https://media.licdn.com/dms/image/C4D03AQGNIW06tSfMJw/profile-displayphoto-shrink_800_800/0?e=1541635200&v=beta&t=eE2CS2Ji-rPIUjqHALh41BN7KzO3oVb45WpqjSiNMic",
    "document_type": 1,
    "document_number": "41908170",
    "img_document_number": "",
    "ruc": "41908170",
    "code": "E41908170",
    "anonymous": true,
    "updated_at": "2018-03-05T21:35:01.071Z",
    "nationality": 1,
    "role": 3,
    "address": 8,
    "residence_country": 1,
    "foreign_address": "",
    "key": "123456",
    "status": 1,
    "groups": [],
    "user_permissions": []
  }
},
{
  "model": "api.user",
  "pk": 17,
  "fields": {
    "password": "pbkdf2_sha256$36000$DjB49YwHRIZg$Q/LnsILs4o+guLxCivJfNbvE0sV3n8OOGczrQSDWbe0=",
    "last_login": null,
    "is_superuser": false,
    "username": "seguros@mail.com",
    "first_name": "Patricia",
    "last_name": "Amado Alviz",
    "email": "",
    "is_staff": false,
    "is_active": true,
    "date_joined": "2018-03-05T21:35:27.538Z",
    "nick": "insurance ML",
    "email_exact": "seguros@mail.com",
    "telephone": "9214715593",
    "cellphone": "9214715592",
    "code_telephone": null,
    "code_cellphone": null,
    "photo": "https://media.licdn.com/dms/image/C4E03AQFE7LPPxVLiIg/profile-displayphoto-shrink_800_800/0?e=1541635200&v=beta&t=bbOCH-4z1hetUVkXQW5OQ8bSJpBoKOeDzTxT4wL-uac",
    "document_type": 2,
    "document_number": "32145675",
    "img_document_number": "",
    "ruc": "32145675",
    "code": "E3145675",
    "anonymous": true,
    "updated_at": "2018-03-05T21:35:27.592Z",
    "nationality": 1,
    "role": 3,
    "address": 8,
    "residence_country": 1,
    "foreign_address": "",
    "key": "123456",
    "status": 1,
    "groups": [],
    "user_permissions": []
  }
},
{
  "model": "api.user",
  "pk": 18,
  "fields": {
    "password": "pbkdf2_sha256$36000$DjB49YwHRIZg$Q/LnsILs4o+guLxCivJfNbvE0sV3n8OOGczrQSDWbe0=",
    "last_login": null,
    "is_superuser": false,
    "username": "derechocorporativo@mail.com",
    "first_name": "Julio",
    "last_name": "Anchiraico Trujillo",
    "email": "",
    "is_staff": false,
    "is_active": true,
    "date_joined": "2018-02-07T17:09:39.233Z",
    "nick": "corporatelaw ML",
    "email_exact": "derechocorporativo@mail.com",
    "telephone": "9213223131231",
    "cellphone": "1231231",
    "code_telephone": null,
    "code_cellphone": null,
    "photo": "https://media.licdn.com/dms/image/C5603AQFJchq3lnszww/profile-displayphoto-shrink_800_800/0?e=1541635200&v=beta&t=Lu1EWzXakuLdjzaAWsB6M_UnaSmrb-3zUh1vNnphjY8",
    "document_type": 1,
    "document_number": "32145676",
    "img_document_number": "",
    "ruc": "32145676",
    "code": "E3145676",
    "anonymous": true,
    "updated_at": "2018-02-07T17:09:39.466Z",
    "nationality": 1,
    "role": 3,
    "address": 8,
    "residence_country": 1,
    "foreign_address": "",
    "key": "123456",
    "status": 1,
    "groups": [],
    "user_permissions": []
  }
},
{
  "model": "api.user",
  "pk": 19,
  "fields": {
    "password": "pbkdf2_sha256$36000$DjB49YwHRIZg$Q/LnsILs4o+guLxCivJfNbvE0sV3n8OOGczrQSDWbe0=",
    "last_login": null,
    "is_superuser": false,
    "username": "comercioexterior@mail.com",
    "first_name": "Leidiluz",
    "last_name": "Aparicio Arcondo",
    "email": "",
    "is_staff": false,
    "is_active": true,
    "date_joined": "2018-03-05T21:35:00.992Z",
    "nick": "foreigntrade ML",
    "email_exact": "comercioexterior@mail.com",
    "telephone": "000231123",
    "cellphone": "00012231",
    "code_telephone": null,
    "code_cellphone": null,
    "photo": "https://media.licdn.com/dms/image/C4D03AQHBQXPdaZKVRw/profile-displayphoto-shrink_800_800/0?e=1541635200&v=beta&t=wqDnb45fZGJpcnljTR1RTEQkYuC6CJzjWxsMzLFgePQ",
    "document_type": 1,
    "document_number": "32145677",
    "img_document_number": "",
    "ruc": "32145677",
    "code": "E3145677",
    "anonymous": true,
    "updated_at": "2018-03-05T21:35:01.071Z",
    "nationality": 1,
    "role": 3,
    "address": 8,
    "residence_country": 1,
    "foreign_address": "",
    "key": "123456",
    "status": 1,
    "groups": [],
    "user_permissions": []
  }
},
{
  "model": "api.user",
  "pk": 20,
  "fields": {
    "password": "pbkdf2_sha256$36000$DjB49YwHRIZg$Q/LnsILs4o+guLxCivJfNbvE0sV3n8OOGczrQSDWbe0=",
    "last_login": null,
    "is_superuser": false,
    "username": "tecnologiadelainformacion@mail.com",
    "first_name": "Lenny",
    "last_name": "Araca Quispe",
    "email": "",
    "is_staff": false,
    "is_active": true,
    "date_joined": "2018-03-08T21:02:15.150Z",
    "nick": "informationtechnology ML",
    "email_exact": "tecnologiadelainformacion@mail.com",
    "telephone": "00023123",
    "cellphone": "0001231",
    "code_telephone": null,
    "code_cellphone": null,
    "photo": "https://media.licdn.com/dms/image/C4E03AQEZXxou8hCmdg/profile-displayphoto-shrink_800_800/0?e=1541635200&v=beta&t=YRTADJreqpNVFau1TFHnwa7SM9HvMh8B9T2WzGwIPY8",
    "document_type": 1,
    "document_number": "32145678",
    "img_document_number": "",
    "ruc": "32145678",
    "code": "E3145678",
    "anonymous": true,
    "updated_at": "2018-03-08T21:02:15.238Z",
    "nationality": 1,
    "role": 3,
    "address": 8,
    "residence_country": 1,
    "foreign_address": "",
    "key": "123456",
    "status": 1,
    "groups": [],
    "user_permissions": []
  }
},
{
  "model": "api.user",
  "pk": 21,
  "fields": {
    "password": "pbkdf2_sha256$36000$DjB49YwHRIZg$Q/LnsILs4o+guLxCivJfNbvE0sV3n8OOGczrQSDWbe0=",
    "last_login": "2018-03-08T15:34:34.393Z",
    "is_superuser": false,
    "username": "propiedadintelectual@mail.com",
    "first_name": "Wilmer",
    "last_name": "Arana Ccencho",
    "email": "",
    "is_staff": false,
    "is_active": true,
    "date_joined": "2017-10-02T21:17:37.995Z",
    "nick": "intellectualproperty ML",
    "email_exact": "propiedadintelectual@mail.com",
    "telephone": "",
    "cellphone": "",
    "code_telephone": null,
    "code_cellphone": null,
    "photo": "https://media.licdn.com/dms/image/C5603AQGPNUt7Mb573A/profile-displayphoto-shrink_800_800/0?e=1541635200&v=beta&t=csgRwjPvYYqLT2f_MO5fajg-Kk7say9PGU0Nj3yz5rA",
    "document_type": 1,
    "document_number": "32145679",
    "img_document_number": "",
    "ruc": "32145679",
    "code": "E3145679",
    "anonymous": true,
    "updated_at": "2017-10-02T21:17:38.226Z",
    "nationality": 1,
    "role": 3,
    "address": 8,
    "residence_country": null,
    "foreign_address": "",
    "key": "123456",
    "status": 1,
    "groups": [],
    "user_permissions": []
  }
},
{
  "model": "api.user",
  "pk": 22,
  "fields": {
    "password": "pbkdf2_sha256$36000$DjB49YwHRIZg$Q/LnsILs4o+guLxCivJfNbvE0sV3n8OOGczrQSDWbe0=",
    "last_login": null,
    "is_superuser": false,
    "username": "publicidad@mail.com",
    "first_name": "Elizabeth",
    "last_name": "Arce Araujo",
    "email": "",
    "is_staff": false,
    "is_active": true,
    "date_joined": "2018-02-07T17:09:39.233Z",
    "nick": "advertising ML",
    "email_exact": "publicidad@mail.com",
    "telephone": "9213223131231",
    "cellphone": "1231231",
    "code_telephone": null,
    "code_cellphone": null,
    "photo": "https://media.licdn.com/dms/image/C4E03AQEIEbN981VvPQ/profile-displayphoto-shrink_800_800/0?e=1541635200&v=beta&t=L1GCYUm_qmo0-mb6j1fVrEr246iAmMteNJI93VDdTZw",
    "document_type": 1,
    "document_number": "321456710",
    "img_document_number": "",
    "ruc": "321456710",
    "code": "E31456710",
    "anonymous": true,
    "updated_at": "2018-02-07T17:09:39.466Z",
    "nationality": 1,
    "role": 3,
    "address": 8,
    "residence_country": 1,
    "foreign_address": "",
    "key": "123456",
    "status": 1,
    "groups": [],
    "user_permissions": []
  }
},
{
  "model": "api.user",
  "pk": 23,
  "fields": {
    "password": "pbkdf2_sha256$36000$DjB49YwHRIZg$Q/LnsILs4o+guLxCivJfNbvE0sV3n8OOGczrQSDWbe0=",
    "last_login": null,
    "is_superuser": false,
    "username": "psicologiaorganizacional@mail.com",
    "first_name": "Dangelo",
    "last_name": "Ardiles Aybar",
    "email": "",
    "is_staff": false,
    "is_active": true,
    "date_joined": "2018-03-05T21:34:36.604Z",
    "nick": "organizationalpsychology ML",
    "email_exact": "psicologiaorganizacional@mail.com",
    "telephone": "921471559",
    "cellphone": "921471559",
    "code_telephone": 18,
    "code_cellphone": 1,
    "photo": "https://media.licdn.com/dms/image/C4E03AQHUvlN3sT_v8Q/profile-displayphoto-shrink_800_800/0?e=1541635200&v=beta&t=IivylZUEXxYIpzc6Jy2dsqnUdTwIobE_jc06sh7wQyY",
    "document_type": 2,
    "document_number": "321456711",
    "img_document_number": "",
    "ruc": "321456711",
    "code": "E31456711",
    "anonymous": true,
    "updated_at": "2018-03-05T21:34:36.669Z",
    "nationality": 1,
    "role": 3,
    "address": 8,
    "residence_country": 1,
    "foreign_address": "",
    "key": "123456",
    "status": 1,
    "groups": [],
    "user_permissions": []
  }
},
{
  "model": "api.user",
  "pk": 24,
  "fields": {
    "password": "pbkdf2_sha256$36000$DjB49YwHRIZg$Q/LnsILs4o+guLxCivJfNbvE0sV3n8OOGczrQSDWbe0=",
    "last_login": null,
    "is_superuser": false,
    "username": "contratacionesconelestado@mail.com",
    "first_name": "Milos",
    "last_name": "Arevalo Najar",
    "email": "",
    "is_staff": false,
    "is_active": true,
    "date_joined": "2018-03-05T21:35:00.992Z",
    "nick": "contractingwiththestate ML",
    "email_exact": "contratacionesconelestado@mail.com",
    "telephone": "000231123",
    "cellphone": "00012231",
    "code_telephone": null,
    "code_cellphone": null,
    "photo": "https://media.licdn.com/dms/image/C4D03AQGn46SCbWMiIg/profile-displayphoto-shrink_800_800/0?e=1541635200&v=beta&t=oZlukVfjElkCw4m6iJo2-WCwEIygqsz5rGOHnIN78zY",
    "document_type": 1,
    "document_number": "321456712",
    "img_document_number": "",
    "ruc": "321456712",
    "code": "E31456712",
    "anonymous": true,
    "updated_at": "2018-03-05T21:35:01.071Z",
    "nationality": 1,
    "role": 3,
    "address": 8,
    "residence_country": 1,
    "foreign_address": "",
    "key": "123456",
    "status": 1,
    "groups": [],
    "user_permissions": []
  }
},
{
  "model": "api.user",
  "pk": 25,
  "fields": {
    "password": "pbkdf2_sha256$36000$DjB49YwHRIZg$Q/LnsILs4o+guLxCivJfNbvE0sV3n8OOGczrQSDWbe0=",
    "last_login": null,
    "is_superuser": false,
    "username": "marketing@mail.com",
    "first_name": "Joel",
    "last_name": "Arias Enriquez",
    "email": "",
    "is_staff": false,
    "is_active": true,
    "date_joined": "2018-03-05T21:35:27.538Z",
    "nick": "marketing ML",
    "email_exact": "marketing@mail.com",
    "telephone": "9214715593",
    "cellphone": "9214715592",
    "code_telephone": null,
    "code_cellphone": null,
    "photo": "https://media.licdn.com/dms/image/C5603AQFkAslRha7RUg/profile-displayphoto-shrink_800_800/0?e=1541635200&v=beta&t=TWUdCUAQex2jAajYa14EfJ7sOtL_609s92NUCROC9m4",
    "document_type": 2,
    "document_number": "321456713",
    "img_document_number": "",
    "ruc": "321456713",
    "code": "E31456713",
    "anonymous": true,
    "updated_at": "2018-03-05T21:35:27.592Z",
    "nationality": 1,
    "role": 3,
    "address": 8,
    "residence_country": 1,
    "foreign_address": "",
    "key": "123456",
    "status": 1,
    "groups": [],
    "user_permissions": []
  }
},
{
  "model": "api.user",
  "pk": 26,
  "fields": {
    "password": "pbkdf2_sha256$36000$DjB49YwHRIZg$Q/LnsILs4o+guLxCivJfNbvE0sV3n8OOGczrQSDWbe0=",
    "last_login": null,
    "is_superuser": false,
    "username": "mecanica@mail.com",
    "first_name": "Jorge",
    "last_name": "Armas Valdivia",
    "email": "",
    "is_staff": false,
    "is_active": true,
    "date_joined": "2018-02-07T17:09:39.233Z",
    "nick": "mechanics ML",
    "email_exact": "mecanica@mail.com",
    "telephone": "9213223131231",
    "cellphone": "1231231",
    "code_telephone": null,
    "code_cellphone": null,
    "photo": "https://media.licdn.com/dms/image/C4D03AQEJj_-9NWxV4w/profile-displayphoto-shrink_800_800/0?e=1541635200&v=beta&t=YfrCSrF6ZmbanFh7Ii8GQmaoeTakCalJBnC3R0EG9iw",
    "document_type": 1,
    "document_number": "321456714",
    "img_document_number": "",
    "ruc": "321456714",
    "code": "E31456714",
    "anonymous": true,
    "updated_at": "2018-02-07T17:09:39.466Z",
    "nationality": 1,
    "role": 3,
    "address": 8,
    "residence_country": 1,
    "foreign_address": "",
    "key": "123456",
    "status": 1,
    "groups": [],
    "user_permissions": []
  }
},
{
  "model": "api.user",
  "pk": 27,
  "fields": {
    "password": "pbkdf2_sha256$36000$DjB49YwHRIZg$Q/LnsILs4o+guLxCivJfNbvE0sV3n8OOGczrQSDWbe0=",
    "last_login": null,
    "is_superuser": false,
    "username": "derechonotarialyregistral@mail.com",
    "first_name": "Angel",
    "last_name": "Arones Cisneros",
    "email": "",
    "is_staff": false,
    "is_active": true,
    "date_joined": "2018-03-05T21:35:00.992Z",
    "nick": "notaryandregistrylaw ML",
    "email_exact": "derechonotarialyregistral@mail.com",
    "telephone": "000231123",
    "cellphone": "00012231",
    "code_telephone": null,
    "code_cellphone": null,
    "photo": "https://media.licdn.com/dms/image/C4E03AQEh4QpDf-U0xQ/profile-displayphoto-shrink_800_800/0?e=1541635200&v=beta&t=rKnZQoKPwPW6RKE_hY1BGAXfheOQS2g2rryJCmiI5s8",
    "document_type": 1,
    "document_number": "321456715",
    "img_document_number": "",
    "ruc": "321456715",
    "code": "E31456715",
    "anonymous": true,
    "updated_at": "2018-03-05T21:35:01.071Z",
    "nationality": 1,
    "role": 3,
    "address": 8,
    "residence_country": 1,
    "foreign_address": "",
    "key": "123456",
    "status": 1,
    "groups": [],
    "user_permissions": []
  }
},
{
  "model": "api.user",
  "pk": 28,
  "fields": {
    "password": "pbkdf2_sha256$36000$DjB49YwHRIZg$Q/LnsILs4o+guLxCivJfNbvE0sV3n8OOGczrQSDWbe0=",
    "last_login": null,
    "is_superuser": false,
    "username": "gestiondeproyectos@mail.com",
    "first_name": "Jimmy",
    "last_name": "Aroni Huaman",
    "email": "",
    "is_staff": false,
    "is_active": true,
    "date_joined": "2018-03-08T21:02:15.150Z",
    "nick": "projectmanagement ML",
    "email_exact": "gestiondeproyectos@mail.com",
    "telephone": "00023123",
    "cellphone": "0001231",
    "code_telephone": null,
    "code_cellphone": null,
    "photo": "https://media.licdn.com/dms/image/C4E03AQGdEzNVIj1fYQ/profile-displayphoto-shrink_800_800/0?e=1541635200&v=beta&t=lVp6QWw1UvvtVEA-lG2gQpdfHpirkleEe2dIhl7-Q_k",
    "document_type": 1,
    "document_number": "321456716",
    "img_document_number": "",
    "ruc": "321456716",
    "code": "E31456716",
    "anonymous": true,
    "updated_at": "2018-03-08T21:02:15.238Z",
    "nationality": 1,
    "role": 3,
    "address": 8,
    "residence_country": 1,
    "foreign_address": "",
    "key": "123456",
    "status": 1,
    "groups": [],
    "user_permissions": []
  }
},
{
  "model": "api.user",
  "pk": 29,
  "fields": {
    "password": "pbkdf2_sha256$36000$DjB49YwHRIZg$Q/LnsILs4o+guLxCivJfNbvE0sV3n8OOGczrQSDWbe0=",
    "last_login": "2018-03-08T15:34:34.393Z",
    "is_superuser": false,
    "username": "electricidad@mail.com",
    "first_name": "Hector",
    "last_name": "Aroquipa Velasquez",
    "email": "",
    "is_staff": false,
    "is_active": true,
    "date_joined": "2017-10-02T21:17:37.995Z",
    "nick": "electricity ML",
    "email_exact": "electricidad@mail.com",
    "telephone": "",
    "cellphone": "",
    "code_telephone": null,
    "code_cellphone": null,
    "photo": "https://media.licdn.com/dms/image/C4D03AQGBv_16kJXHew/profile-displayphoto-shrink_800_800/0?e=1541635200&v=beta&t=_rp0YeV54Yhv5Xy2J2_cD9KZu58Mq9YjB99iTL-AHdE",
    "document_type": 1,
    "document_number": "321456717",
    "img_document_number": "",
    "ruc": "321456717",
    "code": "E31456717",
    "anonymous": true,
    "updated_at": "2017-10-02T21:17:38.226Z",
    "nationality": 1,
    "role": 3,
    "address": 8,
    "residence_country": 1,
    "foreign_address": "",
    "key": "123456",
    "status": 1,
    "groups": [],
    "user_permissions": []
  }
},
{
  "model": "api.user",
  "pk": 30,
  "fields": {
    "password": "pbkdf2_sha256$36000$DjB49YwHRIZg$Q/LnsILs4o+guLxCivJfNbvE0sV3n8OOGczrQSDWbe0=",
    "last_login": null,
    "is_superuser": false,
    "username": "derechoprocesalcivil@mail.com",
    "first_name": "Javier",
    "last_name": "Arostegui Ortiz",
    "email": "",
    "is_staff": false,
    "is_active": true,
    "date_joined": "2018-02-07T17:09:39.233Z",
    "nick": "civilprocedurallaw ML",
    "email_exact": "derechoprocesalcivil@mail.com",
    "telephone": "9213223131231",
    "cellphone": "1231231",
    "code_telephone": null,
    "code_cellphone": null,
    "photo": "https://media.licdn.com/dms/image/C4D03AQE-6bXtYEyvoA/profile-displayphoto-shrink_800_800/0?e=1541635200&v=beta&t=iNllDYmuHAzOyAAG_Wdc_CC84Q4C-4t8NiP4tht9Xg4",
    "document_type": 1,
    "document_number": "321456718",
    "img_document_number": "",
    "ruc": "321456718",
    "code": "E31456718",
    "anonymous": true,
    "updated_at": "2018-02-07T17:09:39.466Z",
    "nationality": 1,
    "role": 3,
    "address": 8,
    "residence_country": 1,
    "foreign_address": "",
    "key": "123456",
    "status": 1,
    "groups": [],
    "user_permissions": []
  }
},
{
  "model": "api.user",
  "pk": 31,
  "fields": {
    "password": "pbkdf2_sha256$36000$DjB49YwHRIZg$Q/LnsILs4o+guLxCivJfNbvE0sV3n8OOGczrQSDWbe0=",
    "last_login": null,
    "is_superuser": false,
    "username": "agroindustria@mail.com",
    "first_name": "Waldo",
    "last_name": "Arteaga Flores",
    "email": "",
    "is_staff": false,
    "is_active": true,
    "date_joined": "2018-03-05T21:34:36.604Z",
    "nick": "agroindustry ML",
    "email_exact": "agroindustria@mail.com",
    "telephone": "921471559",
    "cellphone": "921471559",
    "code_telephone": 18,
    "code_cellphone": 1,
    "photo": "https://media.licdn.com/dms/image/C4E03AQGc9dgidAHyiA/profile-displayphoto-shrink_800_800/0?e=1541635200&v=beta&t=GCVgCmWBsFCsF98MMbnMukWc78ztfuD1lFq3HBMYYKQ",
    "document_type": 2,
    "document_number": "321456719",
    "img_document_number": "",
    "ruc": "321456719",
    "code": "E31456719",
    "anonymous": true,
    "updated_at": "2018-03-05T21:34:36.669Z",
    "nationality": 1,
    "role": 3,
    "address": 8,
    "residence_country": 1,
    "foreign_address": "",
    "key": "123456",
    "status": 1,
    "groups": [],
    "user_permissions": []
  }
},
{
  "model": "api.user",
  "pk": 32,
  "fields": {
    "password": "pbkdf2_sha256$36000$DjB49YwHRIZg$Q/LnsILs4o+guLxCivJfNbvE0sV3n8OOGczrQSDWbe0=",
    "last_login": null,
    "is_superuser": false,
    "username": "electronica@mail.com",
    "first_name": "Victor",
    "last_name": "Ascue Morales",
    "email": "",
    "is_staff": false,
    "is_active": true,
    "date_joined": "2018-03-05T21:35:00.992Z",
    "nick": "electronics ML",
    "email_exact": "electronica@mail.com",
    "telephone": "000231123",
    "cellphone": "00012231",
    "code_telephone": null,
    "code_cellphone": null,
    "photo": "https://media.licdn.com/dms/image/C4E03AQEGHmrNrT4vLg/profile-displayphoto-shrink_800_800/0?e=1541635200&v=beta&t=FepcaYlxgYBIIizwkriUCt2IlAf9vOmC8HfHWtKHKy0",
    "document_type": 1,
    "document_number": "321456720",
    "img_document_number": "",
    "ruc": "321456720",
    "code": "E31456720",
    "anonymous": true,
    "updated_at": "2018-03-05T21:35:01.071Z",
    "nationality": 1,
    "role": 3,
    "address": 8,
    "residence_country": 1,
    "foreign_address": "",
    "key": "123456",
    "status": 1,
    "groups": [],
    "user_permissions": []
  }
},
{
  "model": "api.user",
  "pk": 33,
  "fields": {
    "password": "pbkdf2_sha256$36000$DjB49YwHRIZg$Q/LnsILs4o+guLxCivJfNbvE0sV3n8OOGczrQSDWbe0=",
    "last_login": null,
    "is_superuser": false,
    "username": "derechopenal@mail.com",
    "first_name": "Elizabeth",
    "last_name": "AstupiÑA Figueroa",
    "email": "",
    "is_staff": false,
    "is_active": true,
    "date_joined": "2018-03-05T21:35:27.538Z",
    "nick": "criminallaw ML",
    "email_exact": "derechopenal@mail.com",
    "telephone": "9214715593",
    "cellphone": "9214715592",
    "code_telephone": null,
    "code_cellphone": null,
    "photo": "https://media.licdn.com/dms/image/C4D03AQFjMAP1yu4hLg/profile-displayphoto-shrink_800_800/0?e=1541635200&v=beta&t=aIokGdrKljHxyYTDL7eBiM6racFUtLU31MZDIC0zRq4",
    "document_type": 2,
    "document_number": "321456721",
    "img_document_number": "",
    "ruc": "321456721",
    "code": "E31456721",
    "anonymous": true,
    "updated_at": "2018-03-05T21:35:27.592Z",
    "nationality": 1,
    "role": 3,
    "address": 8,
    "residence_country": 1,
    "foreign_address": "",
    "key": "123456",
    "status": 1,
    "groups": [],
    "user_permissions": []
  }
},
{
  "model": "api.user",
  "pk": 34,
  "fields": {
    "password": "pbkdf2_sha256$36000$DjB49YwHRIZg$Q/LnsILs4o+guLxCivJfNbvE0sV3n8OOGczrQSDWbe0=",
    "last_login": null,
    "is_superuser": false,
    "username": "alimentaria@mail.com",
    "first_name": "Margot",
    "last_name": "Ayala Barreto",
    "email": "",
    "is_staff": false,
    "is_active": true,
    "date_joined": "2018-02-07T17:09:39.233Z",
    "nick": "food ML",
    "email_exact": "alimentaria@mail.com",
    "telephone": "9213223131231",
    "cellphone": "1231231",
    "code_telephone": null,
    "code_cellphone": null,
    "photo": "https://media.licdn.com/dms/image/C4E03AQHsytz_hIHfyA/profile-displayphoto-shrink_800_800/0?e=1541635200&v=beta&t=yERkMwv1qNBzVVLb1qoudCBNj1pmatLbOLAUhDlC4jQ",
    "document_type": 1,
    "document_number": "321456722",
    "img_document_number": "",
    "ruc": "321456722",
    "code": "E31456722",
    "anonymous": true,
    "updated_at": "2018-02-07T17:09:39.466Z",
    "nationality": 1,
    "role": 3,
    "address": 8,
    "residence_country": 1,
    "foreign_address": "",
    "key": "123456",
    "status": 1,
    "groups": [],
    "user_permissions": []
  }
},
{
  "model": "api.user",
  "pk": 35,
  "fields": {
    "password": "pbkdf2_sha256$36000$DjB49YwHRIZg$Q/LnsILs4o+guLxCivJfNbvE0sV3n8OOGczrQSDWbe0=",
    "last_login": null,
    "is_superuser": false,
    "username": "automatizacion@mail.com",
    "first_name": "Jose",
    "last_name": "Barboza Delgado",
    "email": "",
    "is_staff": false,
    "is_active": true,
    "date_joined": "2018-03-05T21:35:00.992Z",
    "nick": "automation ML",
    "email_exact": "automatizacion@mail.com",
    "telephone": "000231123",
    "cellphone": "00012231",
    "code_telephone": null,
    "code_cellphone": null,
    "photo": "https://media.licdn.com/dms/image/C5603AQF-Rej6azdzMw/profile-displayphoto-shrink_800_800/0?e=1541635200&v=beta&t=uVkQ9x8zUB4Li2--brlb4A8G_T_lrkp-_jTV8-C3ywQ",
    "document_type": 1,
    "document_number": "321456723",
    "img_document_number": "",
    "ruc": "321456723",
    "code": "E31456723",
    "anonymous": true,
    "updated_at": "2018-03-05T21:35:01.071Z",
    "nationality": 1,
    "role": 3,
    "address": 8,
    "residence_country": 1,
    "foreign_address": "",
    "key": "123456",
    "status": 1,
    "groups": [],
    "user_permissions": []
  }
},
{
  "model": "api.user",
  "pk": 36,
  "fields": {
    "password": "pbkdf2_sha256$36000$DjB49YwHRIZg$Q/LnsILs4o+guLxCivJfNbvE0sV3n8OOGczrQSDWbe0=",
    "last_login": null,
    "is_superuser": false,
    "username": "derecholaboral@mail.com",
    "first_name": "Patricia",
    "last_name": "Barinotto Roncal",
    "email": "",
    "is_staff": false,
    "is_active": true,
    "date_joined": "2018-03-08T21:02:15.150Z",
    "nick": "laborlaw ML",
    "email_exact": "derecholaboral@mail.com",
    "telephone": "00023123",
    "cellphone": "0001231",
    "code_telephone": null,
    "code_cellphone": null,
    "photo": "https://media.licdn.com/dms/image/C4E03AQGjZXWvNBQZTw/profile-displayphoto-shrink_800_800/0?e=1541635200&v=beta&t=M7UK0SyU47vUPClviZ9rP0TPT6Locf_Y1yW03oCKSgI",
    "document_type": 1,
    "document_number": "321456724",
    "img_document_number": "",
    "ruc": "321456724",
    "code": "E31456724",
    "anonymous": true,
    "updated_at": "2018-03-08T21:02:15.238Z",
    "nationality": 1,
    "role": 3,
    "address": 8,
    "residence_country": 1,
    "foreign_address": "",
    "key": "123456",
    "status": 1,
    "groups": [],
    "user_permissions": []
  }
},
{
  "model": "api.user",
  "pk": 37,
  "fields": {
    "password": "pbkdf2_sha256$36000$DjB49YwHRIZg$Q/LnsILs4o+guLxCivJfNbvE0sV3n8OOGczrQSDWbe0=",
    "last_login": null,
    "is_superuser": false,
    "username": "gastronomia@mail.com",
    "first_name": "Jose",
    "last_name": "Behr Montesinos",
    "email": "",
    "is_staff": false,
    "is_active": true,
    "date_joined": "2018-02-07T17:09:39.233Z",
    "nick": "gastronomy ML",
    "email_exact": "gastronomia@mail.com",
    "telephone": "9213223131231",
    "cellphone": "1231231",
    "code_telephone": null,
    "code_cellphone": null,
    "photo": "https://media.licdn.com/dms/image/C4E03AQEzILuE2rn8yA/profile-displayphoto-shrink_800_800/0?e=1541635200&v=beta&t=FCZIayMO_5rX2Yw2Z9bzhgd3Xp4Js2Q8jq6TitUgkOc",
    "document_type": 1,
    "document_number": "321456725",
    "img_document_number": "",
    "ruc": "321456725",
    "code": "E31456725",
    "anonymous": true,
    "updated_at": "2018-02-07T17:09:39.466Z",
    "nationality": 1,
    "role": 3,
    "address": 8,
    "residence_country": 1,
    "foreign_address": "",
    "key": "123456",
    "status": 1,
    "groups": [],
    "user_permissions": []
  }
},
{
  "model": "api.user",
  "pk": 38,
  "fields": {
    "password": "pbkdf2_sha256$36000$DjB49YwHRIZg$Q/LnsILs4o+guLxCivJfNbvE0sV3n8OOGczrQSDWbe0=",
    "last_login": null,
    "is_superuser": false,
    "username": "plasticos@mail.com",
    "first_name": "Isabel",
    "last_name": "Bejarano Alva",
    "email": "",
    "is_staff": false,
    "is_active": true,
    "date_joined": "2018-03-05T21:35:00.992Z",
    "nick": "plastics ML",
    "email_exact": "plasticos@mail.com",
    "telephone": "000231123",
    "cellphone": "00012231",
    "code_telephone": null,
    "code_cellphone": null,
    "photo": "https://media.licdn.com/dms/image/C5603AQE712n3XdVUHg/profile-displayphoto-shrink_800_800/0?e=1541635200&v=beta&t=ijkM6hXprOgxYWMi0YatTAx4kbIGgQtyOvTFaZsvADU",
    "document_type": 1,
    "document_number": "321456726",
    "img_document_number": "",
    "ruc": "321456726",
    "code": "E31456726",
    "anonymous": true,
    "updated_at": "2018-03-05T21:35:01.071Z",
    "nationality": 1,
    "role": 3,
    "address": 8,
    "residence_country": 1,
    "foreign_address": "",
    "key": "123456",
    "status": 1,
    "groups": [],
    "user_permissions": []
  }
},
{
  "model": "api.user",
  "pk": 39,
  "fields": {
    "password": "pbkdf2_sha256$36000$DjB49YwHRIZg$Q/LnsILs4o+guLxCivJfNbvE0sV3n8OOGczrQSDWbe0=",
    "last_login": null,
    "is_superuser": false,
    "username": "derechominero@mail.com",
    "first_name": "Ivan",
    "last_name": "Beltran Ccama",
    "email": "",
    "is_staff": false,
    "is_active": true,
    "date_joined": "2018-03-08T21:02:15.150Z",
    "nick": "mininglaw ML",
    "email_exact": "derechominero@mail.com",
    "telephone": "00023123",
    "cellphone": "0001231",
    "code_telephone": null,
    "code_cellphone": null,
    "photo": "https://media.licdn.com/dms/image/C4D03AQG5UKSTTY7k3Q/profile-displayphoto-shrink_800_800/0?e=1541635200&v=beta&t=11VScgeIKc6gBHDAij2L84mwRTStYCQWKK2aNFSTuNk",
    "document_type": 1,
    "document_number": "321456727",
    "img_document_number": "",
    "ruc": "321456727",
    "code": "E31456727",
    "anonymous": true,
    "updated_at": "2018-03-08T21:02:15.238Z",
    "nationality": 1,
    "role": 3,
    "address": 8,
    "residence_country": 1,
    "foreign_address": "",
    "key": "123456",
    "status": 1,
    "groups": [],
    "user_permissions": []
  }
},
{
  "model": "api.user",
  "pk": 42,
  "fields": {
    "password": "pbkdf2_sha256$36000$DjB49YwHRIZg$Q/LnsILs4o+guLxCivJfNbvE0sV3n8OOGczrQSDWbe0=",
    "last_login": null,
    "is_superuser": false,
    "username": "cgarcia@mail.com",
    "first_name": "Juan",
    "last_name": "Bengoa Seminario",
    "email": "",
    "is_staff": false,
    "is_active": true,
    "date_joined": "2018-03-05T21:34:36.604Z",
    "nick": "cteresanick",
    "email_exact": "cgarcia@mail.com",
    "telephone": "9214715593",
    "cellphone": "9214715593",
    "code_telephone": 18,
    "code_cellphone": 1,
    "photo": "https://media.licdn.com/dms/image/C5603AQGDf2bAAMZeew/profile-displayphoto-shrink_800_800/0?e=1541635200&v=beta&t=v5IB9IMTcG6nJkpF2rx5-hXUMNyEgutsqc_2Oqoj3oc",
    "document_type": 2,
    "document_number": "246125821",
    "img_document_number": "",
    "ruc": "31667434",
    "code": "C246125821",
    "anonymous": true,
    "updated_at": "2018-03-05T21:34:36.669Z",
    "nationality": 1,
    "role": 2,
    "address": 7,
    "residence_country": 1,
    "foreign_address": "",
    "key": "",
    "status": 1,
    "groups": [],
    "user_permissions": []
  }
},
{
  "model": "api.user",
  "pk": 43,
  "fields": {
    "password": "pbkdf2_sha256$36000$DjB49YwHRIZg$Q/LnsILs4o+guLxCivJfNbvE0sV3n8OOGczrQSDWbe0=",
    "last_login": null,
    "is_superuser": false,
    "username": "egarcia@mail.com",
    "first_name": "Jorge",
    "last_name": "Benites Salazar",
    "email": "",
    "is_staff": false,
    "is_active": true,
    "date_joined": "2018-03-05T21:35:00.992Z",
    "nick": "eteresaNick",
    "email_exact": "egarcia@mail.com",
    "telephone": "0002311233",
    "cellphone": "0002311233",
    "code_telephone": null,
    "code_cellphone": null,
    "photo": "https://media.licdn.com/dms/image/C4D03AQFVtCOsvCr9ag/profile-displayphoto-shrink_800_800/0?e=1541635200&v=beta&t=0wqC6dGrjIvsCQ7ItA3cBMV3HVzlb3VWwf9QbdxGkfY",
    "document_type": 1,
    "document_number": "2461258221",
    "img_document_number": "",
    "ruc": "316674341",
    "code": "EA2461258221",
    "anonymous": true,
    "updated_at": "2018-03-05T21:35:01.071Z",
    "nationality": 1,
    "role": 3,
    "address": 8,
    "residence_country": 1,
    "foreign_address": "",
    "key": "123456",
    "status": 1,
    "groups": [],
    "user_permissions": []
  }
},
{
  "model": "api.user",
  "pk": 44,
  "fields": {
    "password": "pbkdf2_sha256$36000$DjB49YwHRIZg$Q/LnsILs4o+guLxCivJfNbvE0sV3n8OOGczrQSDWbe0=",
    "last_login": null,
    "is_superuser": false,
    "username": "vgarcia@mail.com",
    "first_name": "Edgard",
    "last_name": "Bermejo Lopez",
    "email": "",
    "is_staff": false,
    "is_active": true,
    "date_joined": "2018-03-05T21:35:27.538Z",
    "nick": "vteresanick",
    "email_exact": "vgarcia@mail.com",
    "telephone": "92147155933",
    "cellphone": "92147155933",
    "code_telephone": null,
    "code_cellphone": null,
    "photo": "https://media.licdn.com/dms/image/C4E03AQE7I0FR9PEJGw/profile-displayphoto-shrink_800_800/0?e=1541635200&v=beta&t=lymTKzdM9lfCqIYwmELukHl5UdJOiZeY6VVnNjN_bpo",
    "document_type": 2,
    "document_number": "2461234231",
    "img_document_number": "",
    "ruc": "316674342",
    "code": "V2461234231",
    "anonymous": true,
    "updated_at": "2018-03-05T21:35:27.592Z",
    "nationality": 1,
    "role": 4,
    "address": 9,
    "residence_country": 1,
    "foreign_address": "",
    "key": "123456",
    "status": 1,
    "groups": [],
    "user_permissions": []
  }
},
{
  "model": "api.user",
  "pk": 46,
  "fields": {
    "password": "pbkdf2_sha256$36000$DjB49YwHRIZg$Q/LnsILs4o+guLxCivJfNbvE0sV3n8OOGczrQSDWbe0=",
    "last_login": null,
    "is_superuser": false,
    "username": "finanzas2@mail.com",
    "first_name": "Angela",
    "last_name": "Berrocal Pomalima",
    "email": "",
    "is_staff": false,
    "is_active": true,
    "date_joined": "2018-03-05T21:35:00.992Z",
    "nick": "finance ML",
    "email_exact": "finanzas2@mail.com",
    "telephone": "000231123",
    "cellphone": "00012231",
    "code_telephone": null,
    "code_cellphone": null,
    "photo": "https://media.licdn.com/dms/image/C5603AQF94MOkfKmDpQ/profile-displayphoto-shrink_800_800/0?e=1541635200&v=beta&t=nzJZ_AAnYRgc6-an97ZCHETZwT5JYiLQZTQN_aaYq2w",
    "document_type": 1,
    "document_number": "44182488",
    "img_document_number": "",
    "ruc": "44182488",
    "code": "EA44182488",
    "anonymous": true,
    "updated_at": "2018-03-05T21:35:01.071Z",
    "nationality": 1,
    "role": 3,
    "address": 8,
    "residence_country": 1,
    "foreign_address": "",
    "key": "123456",
    "status": 1,
    "groups": [],
    "user_permissions": []
  }
},
{
  "model": "api.user",
  "pk": 47,
  "fields": {
    "password": "pbkdf2_sha256$36000$DjB49YwHRIZg$Q/LnsILs4o+guLxCivJfNbvE0sV3n8OOGczrQSDWbe0=",
    "last_login": null,
    "is_superuser": false,
    "username": "finanzas3@mail.com",
    "first_name": "ZezÉ",
    "last_name": "Bravo Gutierrez",
    "email": "",
    "is_staff": false,
    "is_active": true,
    "date_joined": "2018-03-05T21:35:00.992Z",
    "nick": "finance ML",
    "email_exact": "finanzas3@mail.com",
    "telephone": "000231123",
    "cellphone": "00012231",
    "code_telephone": null,
    "code_cellphone": null,
    "photo": "https://media.licdn.com/dms/image/C4E03AQFwoAAwNqYA2w/profile-displayphoto-shrink_800_800/0?e=1541635200&v=beta&t=DCIq9yJ6mNjLX3GlXMkQo2VOaPvr0tixo2Y3rPPSTVk",
    "document_type": 1,
    "document_number": "43353964",
    "img_document_number": "",
    "ruc": "43353964",
    "code": "EA43353964",
    "anonymous": true,
    "updated_at": "2018-03-05T21:35:01.071Z",
    "nationality": 1,
    "role": 3,
    "address": 8,
    "residence_country": 1,
    "foreign_address": "",
    "key": "123456",
    "status": 1,
    "groups": [],
    "user_permissions": []
  }
},
{
  "model": "api.user",
  "pk": 48,
  "fields": {
    "password": "pbkdf2_sha256$36000$DjB49YwHRIZg$Q/LnsILs4o+guLxCivJfNbvE0sV3n8OOGczrQSDWbe0=",
    "last_login": null,
    "is_superuser": false,
    "username": "finanzas4@mail.com",
    "first_name": "Katherine",
    "last_name": "Briones Gutierrez",
    "email": "",
    "is_staff": false,
    "is_active": true,
    "date_joined": "2018-03-05T21:35:00.992Z",
    "nick": "finance ML",
    "email_exact": "finanzas4@mail.com",
    "telephone": "000231123",
    "cellphone": "00012231",
    "code_telephone": null,
    "code_cellphone": null,
    "photo": "https://media.licdn.com/dms/image/C5603AQF44lEjrZ3UxA/profile-displayphoto-shrink_800_800/0?e=1541635200&v=beta&t=KwonK_d3RlTC6u5kDzJ6YfsiZ31zBvJnjBCnae7tw_c",
    "document_type": 1,
    "document_number": "45366597",
    "img_document_number": "",
    "ruc": "45366597",
    "code": "EA45366597",
    "anonymous": true,
    "updated_at": "2018-03-05T21:35:01.071Z",
    "nationality": 1,
    "role": 3,
    "address": 8,
    "residence_country": 1,
    "foreign_address": "",
    "key": "123456",
    "status": 1,
    "groups": [],
    "user_permissions": []
  }
},
{
  "model": "api.user",
  "pk": 49,
  "fields": {
    "password": "pbkdf2_sha256$36000$DjB49YwHRIZg$Q/LnsILs4o+guLxCivJfNbvE0sV3n8OOGczrQSDWbe0=",
    "last_login": null,
    "is_superuser": false,
    "username": "finanzas5@mail.com",
    "first_name": "Gloria",
    "last_name": "Bustamante CÁRdenas",
    "email": "",
    "is_staff": false,
    "is_active": true,
    "date_joined": "2018-03-05T21:35:00.992Z",
    "nick": "finance ML",
    "email_exact": "finanzas5@mail.com",
    "telephone": "000231123",
    "cellphone": "00012231",
    "code_telephone": null,
    "code_cellphone": null,
    "photo": "https://media.licdn.com/dms/image/C5603AQFKFj0kHpiP1w/profile-displayphoto-shrink_800_800/0?e=1541635200&v=beta&t=Be4pAXN4-YHyu1rGjvY772_TdfQkf5aHUceckpLUpn0",
    "document_type": 1,
    "document_number": "42952975",
    "img_document_number": "",
    "ruc": "42952975",
    "code": "EA42952975",
    "anonymous": true,
    "updated_at": "2018-03-05T21:35:01.071Z",
    "nationality": 1,
    "role": 3,
    "address": 8,
    "residence_country": 1,
    "foreign_address": "",
    "key": "123456",
    "status": 1,
    "groups": [],
    "user_permissions": []
  }
},
{
  "model": "api.user",
  "pk": 50,
  "fields": {
    "password": "pbkdf2_sha256$36000$DjB49YwHRIZg$Q/LnsILs4o+guLxCivJfNbvE0sV3n8OOGczrQSDWbe0=",
    "last_login": null,
    "is_superuser": false,
    "username": "finanzas1@mail.com",
    "first_name": "Jorge",
    "last_name": "Cabrejos Hurtado",
    "email": "",
    "is_staff": false,
    "is_active": true,
    "date_joined": "2018-03-05T21:35:00.992Z",
    "nick": "finance ML",
    "email_exact": "finanzas1@mail.com",
    "telephone": "000231123",
    "cellphone": "00012231",
    "code_telephone": null,
    "code_cellphone": null,
    "photo": "https://media.licdn.com/dms/image/C5603AQFIFOx6TEUANQ/profile-displayphoto-shrink_800_800/0?e=1541635200&v=beta&t=bPuRQ0HKiRVpTtDaptTpuQEr7m00oljP5H3keaLqS7I",
    "document_type": 1,
    "document_number": "45189291",
    "img_document_number": "",
    "ruc": "45189291",
    "code": "EA45189291",
    "anonymous": true,
    "updated_at": "2018-03-05T21:35:01.071Z",
    "nationality": 1,
    "role": 3,
    "address": 8,
    "residence_country": 1,
    "foreign_address": "",
    "key": "123456",
    "status": 1,
    "groups": [],
    "user_permissions": []
  }
},
{
  "model": "api.user",
  "pk": 52,
  "fields": {
    "password": "pbkdf2_sha256$36000$DjB49YwHRIZg$Q/LnsILs4o+guLxCivJfNbvE0sV3n8OOGczrQSDWbe0=",
    "last_login": null,
    "is_superuser": false,
    "username": "finanzas6@mail.com",
    "first_name": "Geovana",
    "last_name": "Calisaya Quispe",
    "email": "",
    "is_staff": false,
    "is_active": true,
    "date_joined": "2018-03-05T21:35:00.992Z",
    "nick": "finance ML",
    "email_exact": "finanzas6@mail.com",
    "telephone": "000231123",
    "cellphone": "00012231",
    "code_telephone": null,
    "code_cellphone": null,
    "photo": "https://media.licdn.com/dms/image/C4E03AQH79ueqzarxNg/profile-displayphoto-shrink_800_800/0?e=1541635200&v=beta&t=MvzGL-8HqOZ4cKTeiC1ViU-v2FJrxfVKX1lSAQIeTUQ",
    "document_type": 1,
    "document_number": "46459977",
    "img_document_number": "",
    "ruc": "46459977",
    "code": "EA46459977",
    "anonymous": true,
    "updated_at": "2018-03-05T21:35:01.071Z",
    "nationality": 1,
    "role": 3,
    "address": 8,
    "residence_country": 1,
    "foreign_address": "",
    "key": "123456",
    "status": 1,
    "groups": [],
    "user_permissions": []
  }
},
{
  "model": "api.user",
  "pk": 53,
  "fields": {
    "password": "pbkdf2_sha256$36000$DjB49YwHRIZg$Q/LnsILs4o+guLxCivJfNbvE0sV3n8OOGczrQSDWbe0=",
    "last_login": null,
    "is_superuser": false,
    "username": "finanzas7@mail.com",
    "first_name": "Cristy",
    "last_name": "Calla Alarcon",
    "email": "",
    "is_staff": false,
    "is_active": true,
    "date_joined": "2018-03-05T21:35:00.992Z",
    "nick": "finance ML",
    "email_exact": "finanzas7@mail.com",
    "telephone": "000231123",
    "cellphone": "00012231",
    "code_telephone": null,
    "code_cellphone": null,
    "photo": "https://media.licdn.com/dms/image/C4E03AQH4Jn0SRszt4A/profile-displayphoto-shrink_800_800/0?e=1541635200&v=beta&t=nCvok4Pc4KydUpNGYsarzCHaHHTe3Io9tbw_-_1E7KI",
    "document_type": 1,
    "document_number": "42405235",
    "img_document_number": "",
    "ruc": "42405235",
    "code": "EA42405235",
    "anonymous": true,
    "updated_at": "2018-03-05T21:35:01.071Z",
    "nationality": 1,
    "role": 3,
    "address": 8,
    "residence_country": 1,
    "foreign_address": "",
    "key": "123456",
    "status": 1,
    "groups": [],
    "user_permissions": []
  }
},
{
  "model": "api.user",
  "pk": 54,
  "fields": {
    "password": "pbkdf2_sha256$36000$DjB49YwHRIZg$Q/LnsILs4o+guLxCivJfNbvE0sV3n8OOGczrQSDWbe0=",
    "last_login": null,
    "is_superuser": false,
    "username": "finanzas8@mail.com",
    "first_name": "Jhonatan",
    "last_name": "Calle Cardenas",
    "email": "",
    "is_staff": false,
    "is_active": true,
    "date_joined": "2018-03-05T21:35:00.992Z",
    "nick": "finance ML",
    "email_exact": "finanzas8@mail.com",
    "telephone": "000231123",
    "cellphone": "00012231",
    "code_telephone": null,
    "code_cellphone": null,
    "photo": "https://media.licdn.com/dms/image/C5103AQGNaaPPoYtIXA/profile-displayphoto-shrink_800_800/0?e=1541635200&v=beta&t=fnCiBPPW3DCfGHMTOieKD_igGztESt7jfx6CTtOvS7g",
    "document_type": 1,
    "document_number": "46604093",
    "img_document_number": "",
    "ruc": "46604093",
    "code": "EA46604093",
    "anonymous": true,
    "updated_at": "2018-03-05T21:35:01.071Z",
    "nationality": 1,
    "role": 3,
    "address": 8,
    "residence_country": 1,
    "foreign_address": "",
    "key": "123456",
    "status": 1,
    "groups": [],
    "user_permissions": []
  }
},
{
  "model": "api.user",
  "pk": 55,
  "fields": {
    "password": "pbkdf2_sha256$36000$DjB49YwHRIZg$Q/LnsILs4o+guLxCivJfNbvE0sV3n8OOGczrQSDWbe0=",
    "last_login": null,
    "is_superuser": false,
    "username": "finanzas9@mail.com",
    "first_name": "Diana",
    "last_name": "Cancho Bautista",
    "email": "",
    "is_staff": false,
    "is_active": true,
    "date_joined": "2018-03-05T21:35:00.992Z",
    "nick": "finance ML",
    "email_exact": "finanzas9@mail.com",
    "telephone": "000231123",
    "cellphone": "00012231",
    "code_telephone": null,
    "code_cellphone": null,
    "photo": "https://media.licdn.com/dms/image/C5603AQGTdyEzNhrvvw/profile-displayphoto-shrink_800_800/0?e=1541635200&v=beta&t=U4UF99WWKa80sWFOr3PRaxzXkqOMAAwMjEdyVA6UnsU",
    "document_type": 1,
    "document_number": "45615096",
    "img_document_number": "",
    "ruc": "45615096",
    "code": "EA45615096",
    "anonymous": true,
    "updated_at": "2018-03-05T21:35:01.071Z",
    "nationality": 1,
    "role": 3,
    "address": 8,
    "residence_country": 1,
    "foreign_address": "",
    "key": "123456",
    "status": 1,
    "groups": [],
    "user_permissions": []
  }
},
{
  "model": "api.user",
  "pk": 56,
  "fields": {
    "password": "pbkdf2_sha256$36000$DjB49YwHRIZg$Q/LnsILs4o+guLxCivJfNbvE0sV3n8OOGczrQSDWbe0=",
    "last_login": null,
    "is_superuser": false,
    "username": "finanzas10@mail.com",
    "first_name": "Carlos",
    "last_name": "Canto BalbÍN",
    "email": "",
    "is_staff": false,
    "is_active": true,
    "date_joined": "2018-03-05T21:35:00.992Z",
    "nick": "finance ML",
    "email_exact": "finanzas10@mail.com",
    "telephone": "000231123",
    "cellphone": "00012231",
    "code_telephone": null,
    "code_cellphone": null,
    "photo": "https://media.licdn.com/dms/image/C4E03AQHgQVXpKj6m1A/profile-displayphoto-shrink_800_800/0?e=1541635200&v=beta&t=K_RJRoEI3ZEICLIOlnvNGIj-9oom5fcjm4Mo4aaazDk",
    "document_type": 1,
    "document_number": "44068853",
    "img_document_number": "",
    "ruc": "44068853",
    "code": "EA44068853",
    "anonymous": true,
    "updated_at": "2018-03-05T21:35:01.071Z",
    "nationality": 1,
    "role": 3,
    "address": 8,
    "residence_country": 1,
    "foreign_address": "",
    "key": "123456",
    "status": 1,
    "groups": [],
    "user_permissions": []
  }
},
{
  "model": "api.user",
  "pk": 57,
  "fields": {
    "password": "pbkdf2_sha256$36000$DjB49YwHRIZg$Q/LnsILs4o+guLxCivJfNbvE0sV3n8OOGczrQSDWbe0=",
    "last_login": null,
    "is_superuser": false,
    "username": "finanzas11@mail.com",
    "first_name": "Cesar",
    "last_name": "Cardenas Lino",
    "email": "",
    "is_staff": false,
    "is_active": true,
    "date_joined": "2018-03-05T21:35:00.992Z",
    "nick": "finance ML",
    "email_exact": "finanzas11@mail.com",
    "telephone": "000231123",
    "cellphone": "00012231",
    "code_telephone": null,
    "code_cellphone": null,
    "photo": "https://media.licdn.com/dms/image/C5103AQENgodnONhEhQ/profile-displayphoto-shrink_800_800/0?e=1541635200&v=beta&t=tgftTslFP8-ssdcOrGRV3EsHXum2jIxMhwNN0qYEAgI",
    "document_type": 1,
    "document_number": "46445972",
    "img_document_number": "",
    "ruc": "46445972",
    "code": "EA46445972",
    "anonymous": true,
    "updated_at": "2018-03-05T21:35:01.071Z",
    "nationality": 1,
    "role": 3,
    "address": 8,
    "residence_country": 1,
    "foreign_address": "",
    "key": "123456",
    "status": 1,
    "groups": [],
    "user_permissions": []
  }
},
{
  "model": "api.user",
  "pk": 58,
  "fields": {
    "password": "pbkdf2_sha256$36000$DjB49YwHRIZg$Q/LnsILs4o+guLxCivJfNbvE0sV3n8OOGczrQSDWbe0=",
    "last_login": null,
    "is_superuser": false,
    "username": "finanzas12@mail.com",
    "first_name": "Pezo",
    "last_name": "Carlos Del",
    "email": "",
    "is_staff": false,
    "is_active": true,
    "date_joined": "2018-03-05T21:35:00.992Z",
    "nick": "finance ML",
    "email_exact": "finanzas12@mail.com",
    "telephone": "000231123",
    "cellphone": "00012231",
    "code_telephone": null,
    "code_cellphone": null,
    "photo": "https://media.licdn.com/dms/image/C5603AQHHXrHBq5UIjg/profile-displayphoto-shrink_800_800/0?e=1541635200&v=beta&t=l2_EGwTlM66z0_7mRCaDgBY06HVrjnNzR7x6luFZl14",
    "document_type": 1,
    "document_number": "40456293",
    "img_document_number": "",
    "ruc": "40456293",
    "code": "EA40456293",
    "anonymous": true,
    "updated_at": "2018-03-05T21:35:01.071Z",
    "nationality": 1,
    "role": 3,
    "address": 8,
    "residence_country": 1,
    "foreign_address": "",
    "key": "123456",
    "status": 1,
    "groups": [],
    "user_permissions": []
  }
}



















,
{
  "model": "api.user",
  "pk": 65,
  "fields": {
    "password": "pbkdf2_sha256$36000$DjB49YwHRIZg$Q/LnsILs4o+guLxCivJfNbvE0sV3n8OOGczrQSDWbe0=",
    "last_login": null,
    "is_superuser": false,
    "username": "oscar@mail.com",
    "first_name": "Ysabel",
    "last_name": "Carmin Isidro",
    "email": "",
    "is_staff": false,
    "is_active": true,
    "date_joined": "2018-03-05T21:35:00.992Z",
    "nick": "finance ML",
    "email_exact": "oscar@mail.com",
    "telephone": "000231123",
    "cellphone": "00012231",
    "code_telephone": null,
    "code_cellphone": null,
    "photo": "https://media.licdn.com/dms/image/C5603AQErfB7_Mn3cNw/profile-displayphoto-shrink_800_800/0?e=1541635200&v=beta&t=qd-MyHuN-gOvA3HxkIumFYOvszcuzosIA1EavUBPz88",
    "document_type": 1,
    "document_number": "321456741",
    "img_document_number": "",
    "ruc": "321456741",
    "code": "C321456741",
    "anonymous": true,
    "updated_at": "2018-03-05T21:35:01.071Z",
    "nationality": 1,
    "role": 2,
    "address": 8,
    "residence_country": 1,
    "foreign_address": "",
    "key": "123456",
    "status": 1,
    "groups": [],
    "user_permissions": []
  }
},
{
  "model": "api.user",
  "pk": 66,
  "fields": {
    "password": "pbkdf2_sha256$36000$DjB49YwHRIZg$Q/LnsILs4o+guLxCivJfNbvE0sV3n8OOGczrQSDWbe0=",
    "last_login": null,
    "is_superuser": false,
    "username": "darwin@mail.com",
    "first_name": "Flor",
    "last_name": "CastaÑEda Alfonso",
    "email": "",
    "is_staff": false,
    "is_active": true,
    "date_joined": "2018-03-05T21:35:00.992Z",
    "nick": "finance ML",
    "email_exact": "darwin@mail.com",
    "telephone": "000231123",
    "cellphone": "00012231",
    "code_telephone": null,
    "code_cellphone": null,
    "photo": "https://media.licdn.com/dms/image/C5603AQEeCbmoAl5sTw/profile-displayphoto-shrink_800_800/0?e=1541635200&v=beta&t=ClD8ZilgMq5wR5CYrgaKFhmWvuy3Sm5EG0LwEsWrIwQ",
    "document_type": 1,
    "document_number": "321456742",
    "img_document_number": "",
    "ruc": "321456742",
    "code": "C321456742",
    "anonymous": true,
    "updated_at": "2018-03-05T21:35:01.071Z",
    "nationality": 1,
    "role": 2,
    "address": 8,
    "residence_country": 1,
    "foreign_address": "",
    "key": "123456",
    "status": 1,
    "groups": [],
    "user_permissions": []
  }
},
{
  "model": "api.user",
  "pk": 67,
  "fields": {
    "password": "pbkdf2_sha256$36000$DjB49YwHRIZg$Q/LnsILs4o+guLxCivJfNbvE0sV3n8OOGczrQSDWbe0=",
    "last_login": null,
    "is_superuser": false,
    "username": "jose@mail.com",
    "first_name": "Mayra",
    "last_name": "Castro Correa",
    "email": "",
    "is_staff": false,
    "is_active": true,
    "date_joined": "2018-03-05T21:35:00.992Z",
    "nick": "finance ML",
    "email_exact": "jose@mail.com",
    "telephone": "000231123",
    "cellphone": "00012231",
    "code_telephone": null,
    "code_cellphone": null,
    "photo": "https://media.licdn.com/dms/image/C4E03AQGlHjsQTZXaWw/profile-displayphoto-shrink_800_800/0?e=1541635200&v=beta&t=M_uhyvoG1b57DIgL7bpv0GxMDyAimmRmI5t-mZhjFv8",
    "document_type": 1,
    "document_number": "321456743",
    "img_document_number": "",
    "ruc": "321456743",
    "code": "C321456743",
    "anonymous": true,
    "updated_at": "2018-03-05T21:35:01.071Z",
    "nationality": 1,
    "role": 2,
    "address": 8,
    "residence_country": 1,
    "foreign_address": "",
    "key": "123456",
    "status": 1,
    "groups": [],
    "user_permissions": []
  }
},
{
  "model": "api.user",
  "pk": 68,
  "fields": {
    "password": "pbkdf2_sha256$36000$DjB49YwHRIZg$Q/LnsILs4o+guLxCivJfNbvE0sV3n8OOGczrQSDWbe0=",
    "last_login": null,
    "is_superuser": false,
    "username": "juan@mail.com",
    "first_name": "Alberto",
    "last_name": "Castro Jara",
    "email": "",
    "is_staff": false,
    "is_active": true,
    "date_joined": "2018-03-05T21:35:00.992Z",
    "nick": "finance ML",
    "email_exact": "juan@mail.com",
    "telephone": "000231123",
    "cellphone": "00012231",
    "code_telephone": null,
    "code_cellphone": null,
    "photo": "https://media.licdn.com/dms/image/C5103AQGZ7299QSHS7A/profile-displayphoto-shrink_800_800/0?e=1541635200&v=beta&t=DPnGuC3KIT2VEuymCoZPP8TKu6vabOrB_eNFJ7kwXDM",
    "document_type": 1,
    "document_number": "321456744",
    "img_document_number": "",
    "ruc": "321456744",
    "code": "C321456744",
    "anonymous": true,
    "updated_at": "2018-03-05T21:35:01.071Z",
    "nationality": 1,
    "role": 2,
    "address": 8,
    "residence_country": 1,
    "foreign_address": "",
    "key": "123456",
    "status": 1,
    "groups": [],
    "user_permissions": []
  }
},
{
  "model": "api.user",
  "pk": 69,
  "fields": {
    "password": "pbkdf2_sha256$36000$DjB49YwHRIZg$Q/LnsILs4o+guLxCivJfNbvE0sV3n8OOGczrQSDWbe0=",
    "last_login": null,
    "is_superuser": false,
    "username": "benito@mail.com",
    "first_name": "Edgar",
    "last_name": "Ccanchi Condori",
    "email": "",
    "is_staff": false,
    "is_active": true,
    "date_joined": "2018-03-05T21:35:00.992Z",
    "nick": "finance ML",
    "email_exact": "benito@mail.com",
    "telephone": "000231123",
    "cellphone": "00012231",
    "code_telephone": null,
    "code_cellphone": null,
    "photo": "https://media.licdn.com/dms/image/C5603AQEKEN6aKqDxuw/profile-displayphoto-shrink_800_800/0?e=1541635200&v=beta&t=GcYbYLagu4vT3vA-OA3vzLNj04B6tKFUVcM8wczkiA4",
    "document_type": 1,
    "document_number": "321456745",
    "img_document_number": "",
    "ruc": "321456745",
    "code": "C321456745",
    "anonymous": true,
    "updated_at": "2018-03-05T21:35:01.071Z",
    "nationality": 1,
    "role": 2,
    "address": 8,
    "residence_country": 1,
    "foreign_address": "",
    "key": "123456",
    "status": 1,
    "groups": [],
    "user_permissions": []
  }
},
{
  "model": "api.user",
  "pk": 70,
  "fields": {
    "password": "pbkdf2_sha256$36000$DjB49YwHRIZg$Q/LnsILs4o+guLxCivJfNbvE0sV3n8OOGczrQSDWbe0=",
    "last_login": null,
    "is_superuser": false,
    "username": "ana@mail.com",
    "first_name": "Reynaldo",
    "last_name": "Cervantes Bravo",
    "email": "",
    "is_staff": false,
    "is_active": true,
    "date_joined": "2018-03-05T21:35:00.992Z",
    "nick": "finance ML",
    "email_exact": "ana@mail.com",
    "telephone": "000231123",
    "cellphone": "00012231",
    "code_telephone": null,
    "code_cellphone": null,
    "photo": "https://s3.amazonaws.com/linkup-photos/8c687b3a-cb79-4e84-a7f2-c5f77b497f1a.png",
    "document_type": 1,
    "document_number": "321456746",
    "img_document_number": "",
    "ruc": "321456746",
    "code": "C321456746",
    "anonymous": true,
    "updated_at": "2018-03-05T21:35:01.071Z",
    "nationality": 1,
    "role": 2,
    "address": 8,
    "residence_country": 1,
    "foreign_address": "",
    "key": "123456",
    "status": 1,
    "groups": [],
    "user_permissions": []
  }
}




,
{
  "model": "api.client",
  "pk": 65,
  "fields": {
    "type_client": "n",
    "sex": "m",
    "commercial_reason": "",
    "civil_state": "s",
    "birthdate": "1992-09-19",
    "ciiu": 2,
    "activity_description": "Loremp iptsum",
    "institute": "UPC",
    "ocupation": 1,
    "about": "iptsum aabout",
    "business_name": "",
    "agent_firstname": "",
    "agent_lastname": "",
    "position": "",
    "profession": "Gerente de Ventas",
    "economic_sector": null,
    "level_instruction": 1,
    "seller_assigned": null,
    "groups": [],
    "user_permissions": []
  }
},
{
  "model": "api.client",
  "pk": 66,
  "fields": {
    "type_client": "n",
    "sex": "m",
    "commercial_reason": "",
    "civil_state": "s",
    "birthdate": "1992-09-19",
    "ciiu": 2,
    "activity_description": "Loremp iptsum",
    "institute": "UPC",
    "ocupation": 1,
    "about": "iptsum aabout",
    "business_name": "",
    "agent_firstname": "",
    "agent_lastname": "",
    "position": "",
    "profession": "Gerente de Ventas",
    "economic_sector": null,
    "level_instruction": 1,
    "seller_assigned": null,
    "groups": [],
    "user_permissions": []
  }
},
{
  "model": "api.client",
  "pk": 67,
  "fields": {
    "type_client": "n",
    "sex": "m",
    "commercial_reason": "",
    "civil_state": "s",
    "birthdate": "1992-09-19",
    "ciiu": 2,
    "activity_description": "Loremp iptsum",
    "institute": "UPC",
    "ocupation": 1,
    "about": "iptsum aabout",
    "business_name": "",
    "agent_firstname": "",
    "agent_lastname": "",
    "position": "",
    "profession": "Gerente de Ventas",
    "economic_sector": null,
    "level_instruction": 1,
    "seller_assigned": null,
    "groups": [],
    "user_permissions": []
  }
},
{
  "model": "api.client",
  "pk": 68,
  "fields": {
    "type_client": "n",
    "sex": "m",
    "commercial_reason": "",
    "civil_state": "s",
    "birthdate": "1992-09-19",
    "ciiu": 2,
    "activity_description": "Loremp iptsum",
    "institute": "UPC",
    "ocupation": 1,
    "about": "iptsum aabout",
    "business_name": "",
    "agent_firstname": "",
    "agent_lastname": "",
    "position": "",
    "profession": "Gerente de Ventas",
    "economic_sector": null,
    "level_instruction": 1,
    "seller_assigned": null,
    "groups": [],
    "user_permissions": []
  }
},
{
  "model": "api.client",
  "pk": 69,
  "fields": {
    "type_client": "n",
    "sex": "m",
    "commercial_reason": "",
    "civil_state": "s",
    "birthdate": "1992-09-19",
    "ciiu": 2,
    "activity_description": "Loremp iptsum",
    "institute": "UPC",
    "ocupation": 1,
    "about": "iptsum aabout",
    "business_name": "",
    "agent_firstname": "",
    "agent_lastname": "",
    "position": "",
    "profession": "Gerente de Ventas",
    "economic_sector": null,
    "level_instruction": 1,
    "seller_assigned": null,
    "groups": [],
    "user_permissions": []
  }
},
{
  "model": "api.client",
  "pk": 70,
  "fields": {
    "type_client": "n",
    "sex": "m",
    "commercial_reason": "",
    "civil_state": "s",
    "birthdate": "1992-09-19",
    "ciiu": 2,
    "activity_description": "Loremp iptsum",
    "institute": "UPC",
    "ocupation": 1,
    "about": "iptsum aabout",
    "business_name": "",
    "agent_firstname": "",
    "agent_lastname": "",
    "position": "",
    "profession": "Gerente de Ventas",
    "economic_sector": null,
    "level_instruction": 1,
    "seller_assigned": null,
    "groups": [],
    "user_permissions": []
  }
}


























,
{
  "model": "api.seller",
  "pk": 6,
  "fields": {
    "cv": null,
    "zone": null,
    "ciiu": 14,
    "groups": [],
    "user_permissions": []
  }
},











{
  "model": "api.specialist",
  "pk": 5,
  "fields": {
    "business_name": "PYMPACK",
    "type_specialist": "m",
    "star_rating": null,
    "cv": null,
    "payment_per_answer": "3.20",
    "category": 1,
    "groups": [],
    "user_permissions": []
  }
},
{
  "model": "api.specialist",
  "pk": 14,
  "fields": {
    "business_name": "PYMPACK",
    "type_specialist": "m",
    "star_rating": null,
    "cv": "",
    "payment_per_answer": "3.20",
    "category": 2,
    "groups": [],
    "user_permissions": []
  }
},
{
  "model": "api.specialist",
  "pk": 15,
  "fields": {
    "business_name": "PYMPACK",
    "type_specialist": "m",
    "star_rating": null,
    "cv": "",
    "payment_per_answer": "3.20",
    "category": 3,
    "groups": [],
    "user_permissions": []
  }
},
{
  "model": "api.specialist",
  "pk": 16,
  "fields": {
    "business_name": "paty electronics",
    "type_specialist": "m",
    "star_rating": null,
    "cv": "",
    "payment_per_answer": "3.20",
    "category": 4,
    "groups": [],
    "user_permissions": []
  }
},
{
  "model": "api.specialist",
  "pk": 17,
  "fields": {
    "business_name": "paty electronics",
    "type_specialist": "m",
    "star_rating": null,
    "cv": "",
    "payment_per_answer": "3.20",
    "category": 5,
    "groups": [],
    "user_permissions": []
  }
},
{
  "model": "api.specialist",
  "pk": 18,
  "fields": {
    "business_name": "paty electronics",
    "type_specialist": "m",
    "star_rating": null,
    "cv": "",
    "payment_per_answer": "3.20",
    "category": 6,
    "groups": [],
    "user_permissions": []
  }
},
{
  "model": "api.specialist",
  "pk": 19,
  "fields": {
    "business_name": "PYMPACK",
    "type_specialist": "m",
    "star_rating": null,
    "cv": "",
    "payment_per_answer": "3.20",
    "category": 7,
    "groups": [],
    "user_permissions": []
  }
},
{
  "model": "api.specialist",
  "pk": 20,
  "fields": {
    "business_name": "PYMPACK",
    "type_specialist": "m",
    "star_rating": null,
    "cv": "",
    "payment_per_answer": "3.20",
    "category": 8,
    "groups": [],
    "user_permissions": []
  }
},
{
  "model": "api.specialist",
  "pk": 21,
  "fields": {
    "business_name": "PYMPACK",
    "type_specialist": "m",
    "star_rating": null,
    "cv": "",
    "payment_per_answer": "3.20",
    "category": 9,
    "groups": [],
    "user_permissions": []
  }
},
{
  "model": "api.specialist",
  "pk": 22,
  "fields": {
    "business_name": "paty electronics",
    "type_specialist": "m",
    "star_rating": null,
    "cv": "",
    "payment_per_answer": "3.20",
    "category": 10,
    "groups": [],
    "user_permissions": []
  }
},
{
  "model": "api.specialist",
  "pk": 23,
  "fields": {
    "business_name": "PYMPACK",
    "type_specialist": "m",
    "star_rating": null,
    "cv": "",
    "payment_per_answer": "3.20",
    "category": 11,
    "groups": [],
    "user_permissions": []
  }
},
{
  "model": "api.specialist",
  "pk": 24,
  "fields": {
    "business_name": "paty electronics",
    "type_specialist": "m",
    "star_rating": null,
    "cv": "",
    "payment_per_answer": "3.20",
    "category": 12,
    "groups": [],
    "user_permissions": []
  }
},
{
  "model": "api.specialist",
  "pk": 25,
  "fields": {
    "business_name": "PYMPACK",
    "type_specialist": "m",
    "star_rating": null,
    "cv": "",
    "payment_per_answer": "3.20",
    "category": 13,
    "groups": [],
    "user_permissions": []
  }
},
{
  "model": "api.specialist",
  "pk": 26,
  "fields": {
    "business_name": "PYMPACK",
    "type_specialist": "m",
    "star_rating": null,
    "cv": "",
    "payment_per_answer": "3.20",
    "category": 14,
    "groups": [],
    "user_permissions": []
  }
},
{
  "model": "api.specialist",
  "pk": 27,
  "fields": {
    "business_name": "PYMPACK",
    "type_specialist": "m",
    "star_rating": null,
    "cv": "",
    "payment_per_answer": "3.20",
    "category": 15,
    "groups": [],
    "user_permissions": []
  }
},
{
  "model": "api.specialist",
  "pk": 28,
  "fields": {
    "business_name": "paty electronics",
    "type_specialist": "m",
    "star_rating": null,
    "cv": "",
    "payment_per_answer": "3.20",
    "category": 16,
    "groups": [],
    "user_permissions": []
  }
},
{
  "model": "api.specialist",
  "pk": 29,
  "fields": {
    "business_name": "PYMPACK",
    "type_specialist": "m",
    "star_rating": null,
    "cv": "",
    "payment_per_answer": "3.20",
    "category": 17,
    "groups": [],
    "user_permissions": []
  }
},
{
  "model": "api.specialist",
  "pk": 30,
  "fields": {
    "business_name": "PYMPACK",
    "type_specialist": "m",
    "star_rating": null,
    "cv": "",
    "payment_per_answer": "3.20",
    "category": 18,
    "groups": [],
    "user_permissions": []
  }
},
{
  "model": "api.specialist",
  "pk": 31,
  "fields": {
    "business_name": "paty electronics",
    "type_specialist": "m",
    "star_rating": null,
    "cv": "",
    "payment_per_answer": "3.20",
    "category": 19,
    "groups": [],
    "user_permissions": []
  }
},
{
  "model": "api.specialist",
  "pk": 32,
  "fields": {
    "business_name": "PYMPACK",
    "type_specialist": "m",
    "star_rating": null,
    "cv": "",
    "payment_per_answer": "3.20",
    "category": 20,
    "groups": [],
    "user_permissions": []
  }
},
{
  "model": "api.specialist",
  "pk": 33,
  "fields": {
    "business_name": "PYMPACK",
    "type_specialist": "m",
    "star_rating": null,
    "cv": "",
    "payment_per_answer": "3.20",
    "category": 21,
    "groups": [],
    "user_permissions": []
  }
},
{
  "model": "api.specialist",
  "pk": 34,
  "fields": {
    "business_name": "PYMPACK",
    "type_specialist": "m",
    "star_rating": null,
    "cv": "",
    "payment_per_answer": "3.20",
    "category": 22,
    "groups": [],
    "user_permissions": []
  }
},
{
  "model": "api.specialist",
  "pk": 35,
  "fields": {
    "business_name": "PYMPACK",
    "type_specialist": "m",
    "star_rating": null,
    "cv": "",
    "payment_per_answer": "3.20",
    "category": 23,
    "groups": [],
    "user_permissions": []
  }
},
{
  "model": "api.specialist",
  "pk": 36,
  "fields": {
    "business_name": "PYMPACK",
    "type_specialist": "m",
    "star_rating": null,
    "cv": "",
    "payment_per_answer": "3.20",
    "category": 24,
    "groups": [],
    "user_permissions": []
  }
},
{
  "model": "api.specialist",
  "pk": 37,
  "fields": {
    "business_name": "PYMPACK",
    "type_specialist": "m",
    "star_rating": null,
    "cv": "",
    "payment_per_answer": "3.20",
    "category": 25,
    "groups": [],
    "user_permissions": []
  }
},
{
  "model": "api.specialist",
  "pk": 38,
  "fields": {
    "business_name": "PYMPACK",
    "type_specialist": "m",
    "star_rating": null,
    "cv": "",
    "payment_per_answer": "3.20",
    "category": 26,
    "groups": [],
    "user_permissions": []
  }
},
{
  "model": "api.specialist",
  "pk": 39,
  "fields": {
    "business_name": "PYMPACK",
    "type_specialist": "m",
    "star_rating": null,
    "cv": "",
    "payment_per_answer": "3.20",
    "category": 27,
    "groups": [],
    "user_permissions": []
  }
},
{
  "model": "api.specialist",
  "pk": 46,
  "fields": {
    "business_name": "paty electronics",
    "type_specialist": "a",
    "star_rating": null,
    "cv": "",
    "payment_per_answer": "3.20",
    "category": 4,
    "groups": [],
    "user_permissions": []
  }
},
{
  "model": "api.specialist",
  "pk": 47,
  "fields": {
    "business_name": "paty electronics",
    "type_specialist": "a",
    "star_rating": null,
    "cv": "",
    "payment_per_answer": "3.20",
    "category": 4,
    "groups": [],
    "user_permissions": []
  }
},
{
  "model": "api.specialist",
  "pk": 48,
  "fields": {
    "business_name": "paty electronics",
    "type_specialist": "a",
    "star_rating": null,
    "cv": "",
    "payment_per_answer": "3.20",
    "category": 4,
    "groups": [],
    "user_permissions": []
  }
},
{
  "model": "api.specialist",
  "pk": 49,
  "fields": {
    "business_name": "paty electronics",
    "type_specialist": "a",
    "star_rating": null,
    "cv": "",
    "payment_per_answer": "3.20",
    "category": 4,
    "groups": [],
    "user_permissions": []
  }
},
{
  "model": "api.specialist",
  "pk": 50,
  "fields": {
    "business_name": "paty electronics",
    "type_specialist": "a",
    "star_rating": null,
    "cv": "",
    "payment_per_answer": "3.20",
    "category": 4,
    "groups": [],
    "user_permissions": []
  }
},
{
  "model": "api.specialist",
  "pk": 52,
  "fields": {
    "business_name": "paty electronics",
    "type_specialist": "a",
    "star_rating": null,
    "cv": "",
    "payment_per_answer": "3.20",
    "category": 4,
    "groups": [],
    "user_permissions": []
  }
},
{
  "model": "api.specialist",
  "pk": 53,
  "fields": {
    "business_name": "paty electronics",
    "type_specialist": "a",
    "star_rating": null,
    "cv": "",
    "payment_per_answer": "3.20",
    "category": 4,
    "groups": [],
    "user_permissions": []
  }
},
{
  "model": "api.specialist",
  "pk": 54,
  "fields": {
    "business_name": "paty electronics",
    "type_specialist": "a",
    "star_rating": null,
    "cv": "",
    "payment_per_answer": "3.20",
    "category": 4,
    "groups": [],
    "user_permissions": []
  }
},
{
  "model": "api.specialist",
  "pk": 55,
  "fields": {
    "business_name": "paty electronics",
    "type_specialist": "a",
    "star_rating": null,
    "cv": "",
    "payment_per_answer": "3.20",
    "category": 4,
    "groups": [],
    "user_permissions": []
  }
},
{
  "model": "api.specialist",
  "pk": 56,
  "fields": {
    "business_name": "paty electronics",
    "type_specialist": "a",
    "star_rating": null,
    "cv": "",
    "payment_per_answer": "3.20",
    "category": 4,
    "groups": [],
    "user_permissions": []
  }
},
{
  "model": "api.specialist",
  "pk": 57,
  "fields": {
    "business_name": "paty electronics",
    "type_specialist": "a",
    "star_rating": null,
    "cv": "",
    "payment_per_answer": "3.20",
    "category": 17,
    "groups": [],
    "user_permissions": []
  }
},
{
  "model": "api.specialist",
  "pk": 58,
  "fields": {
    "business_name": "paty electronics",
    "type_specialist": "a",
    "star_rating": null,
    "cv": "",
    "payment_per_answer": "3.20",
    "category": 17,
    "groups": [],
    "user_permissions": []
  }
}



















,
{
  "model": "api.client",
  "pk": 3,
  "fields": {
    "type_client": "b",
    "sex": "m",
    "commercial_reason": "alpaneted",
    "civil_state": "c",
    "birthdate": "1991-02-05",
    "ciiu": 5,
    "activity_description": "123131232321",
    "institute": "",
    "ocupation": 7,
    "about": "1231231231231232123",
    "business_name": "alpanet",
    "agent_firstname": "Oscar",
    "agent_lastname": "Lopez",
    "position": "Gerente en Ventas",
    "profession": "",
    "economic_sector": 5,
    "level_instruction": null,
    "seller_assigned": null,
    "groups": [],
    "user_permissions": []
  }
},
{
  "model": "api.client",
  "pk": 4,
  "fields": {
    "type_client": "n",
    "sex": "m",
    "commercial_reason": null,
    "civil_state": "s",
    "birthdate": "1992-09-19",
    "ciiu": 2,
    "activity_description": "Loremp iptsum",
    "institute": "UPC",
    "ocupation": 1,
    "about": "iptsum aabout",
    "business_name": null,
    "agent_firstname": null,
    "agent_lastname": null,
    "position": null,
    "profession": "Gerente de Ventas",
    "economic_sector": null,
    "level_instruction": 1,
    "seller_assigned": null,
    "groups": [],
    "user_permissions": []
  }
},
{
  "model": "api.client",
  "pk": 12,
  "fields": {
    "type_client": "n",
    "sex": "m",
    "commercial_reason": "",
    "civil_state": "s",
    "birthdate": "1992-09-19",
    "ciiu": 2,
    "activity_description": "Loremp iptsum",
    "institute": "UPC",
    "ocupation": 1,
    "about": "iptsum aabout",
    "business_name": "",
    "agent_firstname": "",
    "agent_lastname": "",
    "position": "",
    "profession": "Gerente de Ventas",
    "economic_sector": null,
    "level_instruction": 1,
    "seller_assigned": null,
    "groups": [],
    "user_permissions": []
  }
},
{  "model": "api.seller",
  "pk": 6,
  "fields": {
    "cv": null,
    "zone": null,
    "ciiu": 14,
    "groups": [],
    "user_permissions": []
  }
},
{
  "model": "api.client",
  "pk": 42,
  "fields": {
    "type_client": "n",
    "sex": "f",
    "commercial_reason": "",
    "civil_state": "s",
    "birthdate": "1992-09-19",
    "ciiu": 2,
    "activity_description": "Loremp iptsum",
    "institute": "UPC",
    "ocupation": 1,
    "about": "iptsum aabout",
    "business_name": "",
    "agent_firstname": "",
    "agent_lastname": "",
    "position": "",
    "profession": "",
    "economic_sector": null,
    "level_instruction": 1,
    "seller_assigned": null,
    "groups": [],
    "user_permissions": []
  }
},
{
  "model": "api.queryplansacquired",
  "pk": 1,
  "fields": {
    "expiration_date": "2019-05-29",
    "validity_months": 3,
    "available_queries": 6,
    "query_quantity": 6,
    "activation_date": null,
    "is_active": false,
    "queries_to_pay": 0,
    "available_requeries": 2,
    "maximum_response_time": 24,
    "acquired_at": "2018-02-08T14:48:37Z",
    "plan_name": "Minipack",
    "query_plans": 2,
    "sale_detail": 1
  }
},
{
  "model": "api.queryplansacquired",
  "pk": 2,
  "fields": {
    "expiration_date": "2019-09-03",
    "validity_months": 6,
    "available_queries": 6,
    "query_quantity": 6,
    "activation_date": "2018-03-05",
    "is_active": false,
    "queries_to_pay": 0,
    "available_requeries": 2,
    "maximum_response_time": 24,
    "acquired_at": "2018-02-08T14:48:37Z",
    "plan_name": "Minipack",
    "query_plans": 2,
    "sale_detail": 2
  }
},
{
  "model": "api.queryplansacquired",
  "pk": 3,
  "fields": {
    "expiration_date": "2019-05-15",
    "validity_months": 6,
    "available_queries": 6,
    "query_quantity": 6,
    "activation_date": null,
    "is_active": false,
    "queries_to_pay": 0,
    "available_requeries": 2,
    "maximum_response_time": 24,
    "acquired_at": "2018-02-08T14:48:37Z",
    "plan_name": "Minipack",
    "query_plans": 2,
    "sale_detail": 3
  }
},
{
  "model": "api.queryplansacquired",
  "pk": 4,
  "fields": {
    "expiration_date": "2019-05-15",
    "validity_months": 6,
    "available_queries": 6,
    "query_quantity": 6,
    "activation_date": null,
    "is_active": false,
    "queries_to_pay": 0,
    "available_requeries": 2,
    "maximum_response_time": 24,
    "acquired_at": "2018-02-08T14:48:37Z",
    "plan_name": "Minipack",
    "query_plans": 2,
    "sale_detail": 4
  }
},
{
  "model": "api.queryplansacquired",
  "pk": 5,
  "fields": {
    "expiration_date": "2019-05-15",
    "validity_months": 6,
    "available_queries": 6,
    "query_quantity": 6,
    "activation_date": null,
    "is_active": false,
    "queries_to_pay": 0,
    "available_requeries": 2,
    "maximum_response_time": 24,
    "acquired_at": "2018-02-08T14:48:37Z",
    "plan_name": "Minipack",
    "query_plans": 2,
    "sale_detail": 5
  }
},
{
  "model": "api.queryplansacquired",
  "pk": 6,
  "fields": {
    "expiration_date": "2019-05-15",
    "validity_months": 6,
    "available_queries": 6,
    "query_quantity": 6,
    "activation_date": null,
    "is_active": true,
  "queries_to_pay": 0,
    "available_requeries": 2,
    "maximum_response_time": 24,
    "acquired_at": "2018-02-08T14:48:37Z",
    "plan_name": "Minipack",
    "query_plans": 2,
    "sale_detail": 6
  }
},
{
  "model": "api.queryplansacquired",
  "pk": 7,
  "fields": {
    "expiration_date": "2019-05-15",
    "validity_months": 6,
    "available_queries": 6,
    "query_quantity": 6,
    "activation_date": null,
    "is_active": true,
    "queries_to_pay": 0,
    "available_requeries": 2,
    "maximum_response_time": 24,
    "acquired_at": "2018-02-08T14:48:37Z",
    "plan_name": "Minipack",
    "query_plans": 2,
    "sale_detail": 7
  }
},
{
  "model": "api.queryplansacquired",
  "pk": 8,
  "fields": {
    "expiration_date": "2019-05-15",
    "validity_months": 6,
    "available_queries": 6,
    "query_quantity": 6,
    "activation_date": null,
    "is_active": true,
    "queries_to_pay": 0,
    "available_requeries": 2,
    "maximum_response_time": 24,
    "acquired_at": "2018-02-08T14:48:37Z",
    "plan_name": "Minipack",
    "query_plans": 2,
    "sale_detail": 8
  }
},
{
  "model": "api.queryplansacquired",
  "pk": 9,
  "fields": {
    "expiration_date": "2019-05-15",
    "validity_months": 6,
    "available_queries": 6,
    "query_quantity": 6,
    "activation_date": null,
    "is_active": true,
    "queries_to_pay": 0,
    "available_requeries": 2,
    "maximum_response_time": 24,
    "acquired_at": "2018-02-08T14:48:37Z",
    "plan_name": "Minipack",
    "query_plans": 2,
    "sale_detail": 9
  }
},
{
  "model": "api.queryplansacquired",
  "pk": 10,
  "fields": {
    "expiration_date": "2019-05-15",
    "validity_months": 6,
    "available_queries": 6,
    "query_quantity": 6,
    "activation_date": null,
    "is_active": true,
  "queries_to_pay": 0,
    "available_requeries": 2,
    "maximum_response_time": 24,
    "acquired_at": "2018-02-08T14:48:37Z",
    "plan_name": "Minipack",
    "query_plans": 2,
    "sale_detail": 10
  }
},
{
  "model": "api.queryplansacquired",
  "pk": 11,
  "fields": {
    "expiration_date": "2019-05-15",
    "validity_months": 6,
    "available_queries": 6,
    "query_quantity": 6,
    "activation_date": null,
    "is_active": true,
    "queries_to_pay": 0,
    "available_requeries": 2,
    "maximum_response_time": 24,
    "acquired_at": "2018-02-08T14:48:37Z",
    "plan_name": "Minipack",
    "query_plans": 2,
    "sale_detail": 11
  }
},
{
  "model": "api.queryplansacquired",
  "pk": 12,
  "fields": {
    "expiration_date": "2019-05-15",
    "validity_months": 6,
    "available_queries": 6,
    "query_quantity": 6,
    "activation_date": null,
    "is_active": true,
    "queries_to_pay": 0,
    "available_requeries": 2,
    "maximum_response_time": 24,
    "acquired_at": "2018-02-08T14:48:37Z",
    "plan_name": "Minipack",
    "query_plans": 2,
    "sale_detail": 12
  }
},
{
  "model": "api.queryplansacquired",
  "pk": 13,
  "fields": {
    "expiration_date": "2019-05-15",
    "validity_months": 6,
    "available_queries": 6,
    "query_quantity": 6,
    "activation_date": null,
    "is_active": true,
      "queries_to_pay": 0,
    "available_requeries": 2,
    "maximum_response_time": 24,
    "acquired_at": "2018-02-08T14:48:37Z",
    "plan_name": "Minipack",
    "query_plans": 2,
    "sale_detail": 13
  }
},
{
  "model": "api.queryplansacquired",
  "pk": 14,
  "fields": {
    "expiration_date": "2019-05-15",
    "validity_months": 6,
    "available_queries": 6,
    "query_quantity": 6,
    "activation_date": null,
    "is_active": true,
    "queries_to_pay": 0,
    "available_requeries": 2,
    "maximum_response_time": 24,
    "acquired_at": "2018-02-08T14:48:37Z",
    "plan_name": "Minipack",
    "query_plans": 2,
    "sale_detail": 14
  }
},
{
  "model": "api.queryplansacquired",
  "pk": 15,
  "fields": {
    "expiration_date": "2019-05-15",
    "validity_months": 6,
    "available_queries": 6,
    "query_quantity": 6,
    "activation_date": null,
    "is_active": true,
    "queries_to_pay": 0,
    "available_requeries": 2,
    "maximum_response_time": 24,
    "acquired_at": "2018-02-08T14:48:37Z",
    "plan_name": "Minipack",
    "query_plans": 2,
    "sale_detail": 15
  }
},
{
  "model": "api.queryplansacquired",
  "pk": 16,
  "fields": {
    "expiration_date": "2019-05-15",
    "validity_months": 6,
    "available_queries": 6,
    "query_quantity": 6,
    "activation_date": null,
    "is_active": true,
    "queries_to_pay": 0,
    "available_requeries": 2,
    "maximum_response_time": 24,
    "acquired_at": "2018-02-08T14:48:37Z",
    "plan_name": "Minipack",
    "query_plans": 2,
    "sale_detail": 16
  }
},
{
  "model": "api.queryplansacquired",
  "pk": 17,
  "fields": {
    "expiration_date": "2019-05-15",
    "validity_months": 6,
    "available_queries": 6,
    "query_quantity": 6,
    "activation_date": null,
    "is_active": true,
    "queries_to_pay": 0,
    "available_requeries": 2,
    "maximum_response_time": 24,
    "acquired_at": "2018-02-08T14:48:37Z",
    "plan_name": "Minipack",
    "query_plans": 2,
    "sale_detail": 17
  }
},
{
  "model": "api.queryplansacquired",
  "pk": 18,
  "fields": {
    "expiration_date": "2019-05-15",
    "validity_months": 6,
    "available_queries": 6,
    "query_quantity": 6,
    "activation_date": null,
    "is_active": true,
      "queries_to_pay": 0,
    "available_requeries": 2,
    "maximum_response_time": 24,
    "acquired_at": "2018-02-08T14:48:37Z",
    "plan_name": "Minipack",
    "query_plans": 2,
    "sale_detail": 18
  }
},
{
  "model": "api.queryplansacquired",
  "pk": 19,
  "fields": {
    "expiration_date": "2019-05-15",
    "validity_months": 6,
    "available_queries": 6,
    "query_quantity": 6,
    "activation_date": null,
    "is_active": true,
  "queries_to_pay": 0,
    "available_requeries": 2,
    "maximum_response_time": 24,
    "acquired_at": "2018-02-08T14:48:37Z",
    "plan_name": "Minipack",
    "query_plans": 2,
    "sale_detail": 19
  }
},
{
  "model": "api.queryplansacquired",
  "pk": 20,
  "fields": {
    "expiration_date": "2019-05-15",
    "validity_months": 6,
    "available_queries": 6,
    "query_quantity": 6,
    "activation_date": null,
    "is_active": true,
    "queries_to_pay": 0,
    "available_requeries": 2,
    "maximum_response_time": 24,
    "acquired_at": "2018-02-08T14:48:37Z",
    "plan_name": "Minipack",
    "query_plans": 2,
    "sale_detail": 20
  }
},
{
  "model": "api.queryplansacquired",
  "pk": 21,
  "fields": {
    "expiration_date": "2019-05-15",
    "validity_months": 6,
    "available_queries": 6,
    "query_quantity": 6,
    "activation_date": null,
    "is_active": true,
    "queries_to_pay": 0,
    "available_requeries": 2,
    "maximum_response_time": 24,
    "acquired_at": "2018-02-08T14:48:37Z",
    "plan_name": "Minipack",
    "query_plans": 2,
    "sale_detail": 21
  }
},
{
  "model": "api.queryplansacquired",
  "pk": 22,
  "fields": {
    "expiration_date": "2019-05-15",
    "validity_months": 6,
    "available_queries": 6,
    "query_quantity": 6,
    "activation_date": null,
    "is_active": true,
  "queries_to_pay": 0,
    "available_requeries": 2,
    "maximum_response_time": 24,
    "acquired_at": "2018-02-08T14:48:37Z",
    "plan_name": "Minipack",
    "query_plans": 2,
    "sale_detail": 22
  }
},
{
  "model": "api.queryplansacquired",
  "pk": 23,
  "fields": {
    "expiration_date": "2019-05-15",
    "validity_months": 6,
    "available_queries": 6,
    "query_quantity": 6,
    "activation_date": null,
    "is_active": true,
    "queries_to_pay": 0,
    "available_requeries": 2,
    "maximum_response_time": 24,
    "acquired_at": "2018-02-08T14:48:37Z",
    "plan_name": "Minipack",
    "query_plans": 2,
    "sale_detail": 23
  }
},
{
  "model": "api.queryplansacquired",
  "pk": 24,
  "fields": {
    "expiration_date": "2019-05-15",
    "validity_months": 6,
    "available_queries": 6,
    "query_quantity": 6,
    "activation_date": null,
    "is_active": true,
  "queries_to_pay": 0,
    "available_requeries": 2,
    "maximum_response_time": 24,
    "acquired_at": "2018-02-08T14:48:37Z",
    "plan_name": "Minipack",
    "query_plans": 2,
    "sale_detail": 24
  }
},
{
  "model": "api.queryplansacquired",
  "pk": 25,
  "fields": {
    "expiration_date": "2019-05-15",
    "validity_months": 6,
    "available_queries": 6,
    "query_quantity": 6,
    "activation_date": null,
    "is_active": true,
    "queries_to_pay": 0,
    "available_requeries": 2,
    "maximum_response_time": 24,
    "acquired_at": "2018-02-08T14:48:37Z",
    "plan_name": "Minipack",
    "query_plans": 2,
    "sale_detail": 25
  }
},
{
  "model": "api.queryplansacquired",
  "pk": 26,
  "fields": {
    "expiration_date": "2019-05-15",
    "validity_months": 6,
    "available_queries": 6,
    "query_quantity": 6,
    "activation_date": null,
    "is_active": true,
  "queries_to_pay": 0,
    "available_requeries": 2,
    "maximum_response_time": 24,
    "acquired_at": "2018-02-08T14:48:37Z",
    "plan_name": "Minipack",
    "query_plans": 2,
    "sale_detail": 26
  }
},
{
  "model": "api.queryplansacquired",
  "pk": 27,
  "fields": {
    "expiration_date": "2019-05-15",
    "validity_months": 6,
    "available_queries": 6,
    "query_quantity": 6,
    "activation_date": null,
    "is_active": true,
    "queries_to_pay": 0,
    "available_requeries": 2,
    "maximum_response_time": 24,
    "acquired_at": "2018-02-08T14:48:37Z",
    "plan_name": "Minipack",
    "query_plans": 2,
    "sale_detail": 27
  }
},
{
  "model": "api.queryplansacquired",
  "pk": 28,
  "fields": {
    "expiration_date": "2019-05-15",
    "validity_months": 6,
    "available_queries": 172,
    "query_quantity": 172,
    "activation_date": null,
    "is_active": true,
    "queries_to_pay": 0,
    "available_requeries": 2,
    "maximum_response_time": 24,
    "acquired_at": "2018-02-08T14:48:37Z",
    "plan_name": "Minipack",
    "query_plans": 2,
    "sale_detail": 28
  }
},




{
  "model": "api.queryplansclient",
  "pk": 1,
  "fields": {
    "is_chosen": false,
    "acquired_plan": 1,
    "client": 3,
    "owner": true,
    "transfer": true,
    "share": true,
    "empower": true,
    "status": 1
  }
},
{
  "model": "api.queryplansclient",
  "pk": 2,
  "fields": {
    "is_chosen": false,
    "acquired_plan": 2,
    "client": 3,
    "owner": true,
    "transfer": true,
    "share": true,
    "empower": true,
    "status": 1
  }
},
{
  "model": "api.queryplansclient",
  "pk": 3,
  "fields": {
    "is_chosen": false,
    "acquired_plan": 3,
    "client": 4,
    "owner": true,
    "transfer": true,
    "share": true,
    "empower": true,
    "status": 1
  }
},
{
  "model": "api.queryplansclient",
  "pk": 4,
  "fields": {
    "is_chosen": false,
    "acquired_plan": 4,
    "client": 4,
    "owner": true,
    "transfer": true,
    "share": true,
    "empower": true,
    "status": 1
  }
},
{
  "model": "api.queryplansclient",
  "pk": 5,
  "fields": {
    "is_chosen": false,
    "acquired_plan": 5,
    "client": 4,
    "owner": true,
    "transfer": true,
    "share": true,
    "empower": true,
    "status": 1
  }
},
{
  "model": "api.queryplansclient",
  "pk": 6,
  "fields": {
    "is_chosen": false,
    "acquired_plan": 6,
    "client": 4,
    "owner": true,
    "transfer": true,
    "share": true,
    "empower": true,
    "status": 1
  }
},
{
  "model": "api.queryplansclient",
  "pk": 7,
  "fields": {
    "is_chosen": true,
    "acquired_plan": 7,
    "client": 4,
    "owner": true,
    "transfer": true,
    "share": true,
    "empower": true,
    "status": 1
  }
},
{
  "model": "api.queryplansclient",
  "pk": 8,
  "fields": {
    "is_chosen": true,
    "acquired_plan": 8,
    "client": 12,
    "owner": true,
    "transfer": true,
    "share": true,
    "empower": true,
    "status": 1
  }
},
{
  "model": "api.queryplansclient",
  "pk": 9,
  "fields": {
    "is_chosen": false,
    "acquired_plan": 9,
    "client": 12,
    "owner": true,
    "transfer": true,
    "share": true,
    "empower": true,
    "status": 1
  }
},
{
  "model": "api.queryplansclient",
  "pk": 10,
  "fields": {
    "is_chosen": false,
    "acquired_plan": 10,
    "client": 12,
    "owner": true,
    "transfer": true,
    "share": true,
    "empower": true,
    "status": 1
  }
},
{
  "model": "api.queryplansclient",
  "pk": 11,
  "fields": {
    "is_chosen": false,
    "acquired_plan": 11,
    "client": 12,
    "owner": true,
    "transfer": true,
    "share": true,
    "empower": true,
    "status": 1
  }
},
{
  "model": "api.queryplansclient",
  "pk": 12,
  "fields": {
    "is_chosen": false,
    "acquired_plan": 12,
    "client": 12,
    "owner": true,
    "transfer": true,
    "share": true,
    "empower": true,
    "status": 1
  }
},
{
  "model": "api.queryplansclient",
  "pk": 13,
  "fields": {
    "is_chosen": false,
    "acquired_plan": 13,
    "client": 12,
    "owner": true,
    "transfer": true,
    "share": true,
    "empower": true,
    "status": 1
  }
},
{
  "model": "api.queryplansclient",
  "pk": 14,
  "fields": {
    "is_chosen": false,
    "acquired_plan": 14,
    "client": 12,
    "owner": true,
    "transfer": true,
    "share": true,
    "empower": true,
    "status": 1
  }
},
{
  "model": "api.queryplansclient",
  "pk": 15,
  "fields": {
    "is_chosen": false,
    "acquired_plan": 15,
    "client": 12,
    "owner": true,
    "transfer": true,
    "share": true,
    "empower": true,
    "status": 1
  }
},
{
  "model": "api.queryplansclient",
  "pk": 16,
  "fields": {
    "is_chosen": false,
    "acquired_plan": 16,
    "client": 12,
    "owner": true,
    "transfer": true,
    "share": true,
    "empower": true,
    "status": 1
  }
},
{
  "model": "api.queryplansclient",
  "pk": 17,
  "fields": {
    "is_chosen": false,
    "acquired_plan": 17,
    "client": 12,
    "owner": true,
    "transfer": true,
    "share": true,
    "empower": true,
    "status": 1
  }
},
{
  "model": "api.queryplansclient",
  "pk": 18,
  "fields": {
    "is_chosen": false,
    "acquired_plan": 18,
    "client": 12,
    "owner": true,
    "transfer": true,
    "share": true,
    "empower": true,
    "status": 1
  }
},
{
  "model": "api.queryplansclient",
  "pk": 19,
  "fields": {
    "is_chosen": false,
    "acquired_plan": 19,
    "client": 12,
    "owner": true,
    "transfer": true,
    "share": true,
    "empower": true,
    "status": 1
  }
},
{
  "model": "api.queryplansclient",
  "pk": 20,
  "fields": {
    "is_chosen": false,
    "acquired_plan": 20,
    "client": 12,
    "owner": true,
    "transfer": true,
    "share": true,
    "empower": true,
    "status": 1
  }
},
{
  "model": "api.queryplansclient",
  "pk": 21,
  "fields": {
    "is_chosen": false,
    "acquired_plan": 21,
    "client": 12,
    "owner": true,
    "transfer": true,
    "share": true,
    "empower": true,
    "status": 1
  }
},
{
  "model": "api.queryplansclient",
  "pk": 22,
  "fields": {
    "is_chosen": false,
    "acquired_plan": 22,
    "client": 12,
    "owner": true,
    "transfer": true,
    "share": true,
    "empower": true,
    "status": 1
  }
},
{
  "model": "api.queryplansclient",
  "pk": 23,
  "fields": {
    "is_chosen": false,
    "acquired_plan": 23,
    "client": 12,
    "owner": true,
    "transfer": true,
    "share": true,
    "empower": true,
    "status": 1
  }
},
{
  "model": "api.queryplansclient",
  "pk": 24,
  "fields": {
    "is_chosen": false,
    "acquired_plan": 24,
    "client": 12,
    "owner": true,
    "transfer": true,
    "share": true,
    "empower": true,
    "status": 1
  }
},
{
  "model": "api.queryplansclient",
  "pk": 25,
  "fields": {
    "is_chosen": false,
    "acquired_plan": 25,
    "client": 12,
    "owner": true,
    "transfer": true,
    "share": true,
    "empower": true,
    "status": 1
  }
},
{
  "model": "api.queryplansclient",
  "pk": 26,
  "fields": {
    "is_chosen": false,
    "acquired_plan": 26,
    "client": 12,
    "owner": true,
    "transfer": true,
    "share": true,
    "empower": true,
    "status": 1
  }
},
{
  "model": "api.queryplansclient",
  "pk": 27,
  "fields": {
    "is_chosen": false,
    "acquired_plan": 27,
    "client": 12,
    "owner": true,
    "transfer": true,
    "share": true,
    "empower": true,
    "status": 1
  }
},
{
  "model": "api.queryplansclient",
  "pk": 28,
  "fields": {
    "is_chosen": true,
    "acquired_plan": 28,
    "client": 42,
    "owner": true,
    "transfer": true,
    "share": true,
    "empower": true,
    "status": 1
  }
},



















{
  "model": "api.sale",
  "pk": 1,
  "fields": {
    "created_at": "2018-02-08T14:28:25Z",
    "place": "BCP",
    "total_amount": "700.00",
    "reference_number": "CD1000",
    "description": "Test",
    "is_fee": true,
    "client": 3,
    "seller": null
  }
},
{
  "model": "api.sale",
  "pk": 2,
  "fields": {
    "created_at": "2018-02-15T14:28:25Z",
    "place": "BCP",
    "total_amount": "700.00",
    "reference_number": "CD1001",
    "description": "Test2",
    "is_fee": true,
    "client": 3,
    "seller": null
  }
},
{
  "model": "api.sale",
  "pk": 3,
  "fields": {
    "created_at": "2018-02-08T14:28:25Z",
    "place": "BCP",
    "total_amount": "700.00",
    "reference_number": "CD1002",
    "description": "Test3",
    "is_fee": true,
    "client": 3,
    "seller": null
  }
},
{
  "model": "api.sale",
  "pk": 4,
  "fields": {
    "created_at": "2018-02-08T14:28:25Z",
    "place": "BCP",
    "total_amount": "700.00",
    "reference_number": "CD1003",
    "description": "Test4",
    "is_fee": true,
    "client": 3,
    "seller": null
  }
},
{
  "model": "oauth2_provider.accesstoken",
  "pk": 1,
  "fields": {
    "user": 1,
    "token": "EGsnU4Cz3Mx50UCuLrc20mup10s0Gz",
    "application": 1,
    "expires": "9999-12-31T23:59:59Z",
    "scope": "",
    "created": "2016-12-31T23:59:59Z",
    "updated": "2017-10-02T22:27:09.173Z"
  }
},
{
  "model": "oauth2_provider.accesstoken",
  "pk": 2,
  "fields": {
    "user": 3,
    "token": "kEphPGlavEforKavpDzuZSgK0zpoX5",
    "application": 1,
    "expires": "9999-12-31T23:59:59Z",
    "scope": "",
    "created": "2016-12-31T23:59:59Z",
    "updated": "2017-10-02T22:27:09.173Z"
  }
},
{
  "model": "oauth2_provider.application",
  "pk": 1,
  "fields": {
    "client_id": "FUN5EkBD0iQo80i0JY0lF41Z0rjA0QtWKkV0BE02",
    "user": null,
    "redirect_uris": "",
    "client_type": "public",
    "authorization_grant_type": "password",
    "client_secret": "P7pj3QcE6G0hlS00UzJOJ8SRLlTGHYS0ESGr7QzlyK0uMsc4osaaStB6wS0GGxAelKjXv6xJ7p0Go8R5el2KaVlcM4050IeplkY2CW0xaOc9NI1f0KS9DoWxD0UbG4T0",
    "name": "",
    "skip_authorization": false,
    "created": "2017-10-02T21:19:16.205Z",
    "updated": "2017-10-02T21:19:16.205Z"
  }
}
]
