[
{
  "model": "api.address",
  "pk": 6,
  "fields": {
    "street": "na",
    "department": 7,
    "province": 66,
    "district": 669
  }
},
{
  "model": "api.address",
  "pk": 7,
  "fields": {
    "street": "na",
    "department": 7,
    "province": 66,
    "district": 669
  }
},
{
  "model": "api.address",
  "pk": 8,
  "fields": {
    "street": "na",
    "department": 7,
    "province": 66,
    "district": 669
  }
},
{
  "model": "api.address",
  "pk": 9,
  "fields": {
    "street": "na",
    "department": 7,
    "province": 66,
    "district": 669
  }
},
{
  "model": "api.clasification",
  "pk": 1,
  "fields": {
    "name": "Popular",
    "created_at": "2018-02-08T14:39:12Z"
  }
},
{
  "model": "api.queryplans",
  "pk": 2,
  "fields": {
    "name": "Minipack",
    "query_quantity": 6,
    "validity_months": 3,
    "maximum_response_time": 24,
    "price": "700.0000",
    "created_at": "2018-02-08T14:37:27Z",
    "is_active": true,
    "product_type": 1,
    "clasification": 1
  }
},
{
  "model": "api.queryplans",
  "pk": 3,
  "fields": {
    "name": "Pluspack",
    "query_quantity": 6,
    "validity_months": 3,
    "maximum_response_time": 24,
    "price": "700.0000",
    "created_at": "2018-02-08T14:37:27Z",
    "is_active": true,
    "product_type": 1,
    "clasification": 1
  }
},
{
  "model": "api.queryplans",
  "pk": 4,
  "fields": {
    "name": "SuperPack",
    "query_quantity": 6,
    "validity_months": 3,
    "maximum_response_time": 24,
    "price": "700.0000",
    "created_at": "2018-02-08T14:37:27Z",
    "is_active": true,
    "product_type": 1,
    "clasification": 1
  }
},
{
  "model": "api.saledetail",
  "pk": 1,
  "fields": {
    "price": "700.00",
    "description": "plan de consultas",
    "discount": "0.00",
    "pin_code": "INTEL12345",
    "is_billable": true,
    "contract": null,
    "product_type": 1,
    "sale": 1
  }
},
{
  "model": "api.saledetail",
  "pk": 2,
  "fields": {
    "price": "700.00",
    "description": "plan de consultas2",
    "discount": "0.00",
    "pin_code": "INTEL123452",
    "is_billable": true,
    "contract": null,
    "product_type": 1,
    "sale": 2
  }
},
{
  "model": "api.saledetail",
  "pk": 3,
  "fields": {
    "price": "700.00",
    "description": "plan de consultas3",
    "discount": "0.00",
    "pin_code": "INTEL123453",
    "is_billable": true,
    "contract": null,
    "product_type": 1,
    "sale": 3
  }
},
{
  "model": "api.saledetail",
  "pk": 4,
  "fields": {
    "price": "700.00",
    "description": "plan de consultas",
    "discount": "0.00",
    "pin_code": "INTEL123454",
    "is_billable": true,
    "contract": null,
    "product_type": 1,
    "sale": 1
  }
},
{
  "model": "api.saledetail",
  "pk": 5,
  "fields": {
    "price": "700.00",
    "description": "plan de consultas2",
    "discount": "0.00",
    "pin_code": "INTEL123455",
    "is_billable": true,
    "contract": null,
    "product_type": 1,
    "sale": 2
  }
},
{
  "model": "api.saledetail",
  "pk": 6,
  "fields": {
    "price": "700.00",
    "description": "plan de consultas3",
    "discount": "0.00",
    "pin_code": "INTEL123456",
    "is_billable": true,
    "contract": null,
    "product_type": 1,
    "sale": 3
  }
},
{
  "model": "api.saledetail",
  "pk": 7,
  "fields": {
    "price": "700.00",
    "description": "plan de consultas",
    "discount": "0.00",
    "pin_code": "INTEL123457",
    "is_billable": true,
    "contract": null,
    "product_type": 1,
    "sale": 1
  }
},
{
  "model": "api.saledetail",
  "pk": 8,
  "fields": {
    "price": "700.00",
    "description": "plan de consultas2",
    "discount": "0.00",
    "pin_code": "INTEL123458",
    "is_billable": true,
    "contract": null,
    "product_type": 1,
    "sale": 2
  }
},
{
  "model": "api.saledetail",
  "pk": 9,
  "fields": {
    "price": "700.00",
    "description": "plan de consultas3",
    "discount": "0.00",
    "pin_code": "INTEL123459",
    "is_billable": true,
    "contract": null,
    "product_type": 1,
    "sale": 3
  }
},
{
  "model": "api.saledetail",
  "pk": 10,
  "fields": {
    "price": "700.00",
    "description": "plan de consultas",
    "discount": "0.00",
    "pin_code": "INTEL1234510",
    "is_billable": true,
    "contract": null,
    "product_type": 1,
    "sale": 1
  }
},
{
  "model": "api.saledetail",
  "pk": 11,
  "fields": {
    "price": "700.00",
    "description": "plan de consultas2",
    "discount": "0.00",
    "pin_code": "INTEL1234511",
    "is_billable": true,
    "contract": null,
    "product_type": 1,
    "sale": 2
  }
},
{
  "model": "api.saledetail",
  "pk": 12,
  "fields": {
    "price": "700.00",
    "description": "plan de consultas3",
    "discount": "0.00",
    "pin_code": "INTEL1234512",
    "is_billable": true,
    "contract": null,
    "product_type": 1,
    "sale": 3
  }
},
{
  "model": "api.saledetail",
  "pk": 13,
  "fields": {
    "price": "700.00",
    "description": "plan de consultas",
    "discount": "0.00",
    "pin_code": "INTEL1234513",
    "is_billable": true,
    "contract": null,
    "product_type": 1,
    "sale": 1
  }
},
{
  "model": "api.saledetail",
  "pk": 14,
  "fields": {
    "price": "700.00",
    "description": "plan de consultas2",
    "discount": "0.00",
    "pin_code": "INTEL1234514",
    "is_billable": true,
    "contract": null,
    "product_type": 1,
    "sale": 2
  }
},
{
  "model": "api.saledetail",
  "pk": 15,
  "fields": {
    "price": "700.00",
    "description": "plan de consultas3",
    "discount": "0.00",
    "pin_code": "INTEL1234515",
    "is_billable": true,
    "contract": null,
    "product_type": 1,
    "sale": 3
  }
},
{
  "model": "api.saledetail",
  "pk": 16,
  "fields": {
    "price": "700.00",
    "description": "plan de consultas",
    "discount": "0.00",
    "pin_code": "INTEL1234516",
    "is_billable": true,
    "contract": null,
    "product_type": 1,
    "sale": 1
  }
},
{
  "model": "api.saledetail",
  "pk": 17,
  "fields": {
    "price": "700.00",
    "description": "plan de consultas2",
    "discount": "0.00",
    "pin_code": "INTEL1234517",
    "is_billable": true,
    "contract": null,
    "product_type": 1,
    "sale": 2
  }
},
{
  "model": "api.saledetail",
  "pk": 18,
  "fields": {
    "price": "700.00",
    "description": "plan de consultas3",
    "discount": "0.00",
    "pin_code": "INTEL1234518",
    "is_billable": true,
    "contract": null,
    "product_type": 1,
    "sale": 3
  }
},
{
  "model": "api.saledetail",
  "pk": 19,
  "fields": {
    "price": "700.00",
    "description": "plan de consultas",
    "discount": "0.00",
    "pin_code": "INTEL1234519",
    "is_billable": true,
    "contract": null,
    "product_type": 1,
    "sale": 1
  }
},
{
  "model": "api.saledetail",
  "pk": 20,
  "fields": {
    "price": "700.00",
    "description": "plan de consultas2",
    "discount": "0.00",
    "pin_code": "INTEL1234520",
    "is_billable": true,
    "contract": null,
    "product_type": 1,
    "sale": 2
  }
},
{
  "model": "api.saledetail",
  "pk": 21,
  "fields": {
    "price": "700.00",
    "description": "plan de consultas3",
    "discount": "0.00",
    "pin_code": "INTEL1234521",
    "is_billable": true,
    "contract": null,
    "product_type": 1,
    "sale": 3
  }
},
{
  "model": "api.saledetail",
  "pk": 22,
  "fields": {
    "price": "700.00",
    "description": "plan de consultas",
    "discount": "0.00",
    "pin_code": "INTEL1234522",
    "is_billable": true,
    "contract": null,
    "product_type": 1,
    "sale": 1
  }
},
{
  "model": "api.saledetail",
  "pk": 23,
  "fields": {
    "price": "700.00",
    "description": "plan de consultas2",
    "discount": "0.00",
    "pin_code": "INTEL1234523",
    "is_billable": true,
    "contract": null,
    "product_type": 1,
    "sale": 2
  }
},
{
  "model": "api.saledetail",
  "pk": 24,
  "fields": {
    "price": "700.00",
    "description": "plan de consultas3",
    "discount": "0.00",
    "pin_code": "INTEL1234524",
    "is_billable": true,
    "contract": null,
    "product_type": 1,
    "sale": 3
  }
},
{
  "model": "api.saledetail",
  "pk": 25,
  "fields": {
    "price": "700.00",
    "description": "plan de consultas3",
    "discount": "0.00",
    "pin_code": "INTEL1234525",
    "is_billable": true,
    "contract": null,
    "product_type": 1,
    "sale": 3
  }
},
{
  "model": "api.saledetail",
  "pk": 26,
  "fields": {
    "price": "700.00",
    "description": "plan de consultas3",
    "discount": "0.00",
    "pin_code": "INTEL1234525",
    "is_billable": true,
    "contract": null,
    "product_type": 1,
    "sale": 3
  }
},
{
  "model": "api.saledetail",
  "pk": 27,
  "fields": {
    "price": "700.00",
    "description": "plan de consultas3",
    "discount": "0.00",
    "pin_code": "INTEL1234525",
    "is_billable": true,
    "contract": null,
    "product_type": 1,
    "sale": 3
  }
},
{
  "model": "api.saledetail",
  "pk": 28,
  "fields": {
    "price": "700.00",
    "description": "plan de consultas3",
    "discount": "0.00",
    "pin_code": "INTEL1234528",
    "is_billable": true,
    "contract": null,
    "product_type": 1,
    "sale": 3
  }
},
{
  "model": "api.user",
  "pk": 1,
  "fields": {
    "password": "pbkdf2_sha256$36000$ZoKwG4C5uFXR$IDtDvqi2/fH+4Jw4NfiZd0JW13TJ2ARQM4FhAfWZn5g=",
    "last_login": "2017-10-02T22:26:08.423Z",
    "is_superuser": true,
    "username": "super",
    "first_name": "",
    "last_name": "",
    "email": "",
    "is_staff": true,
    "is_active": true,
    "date_joined": "2017-10-02T21:17:37.995Z",
    "nick": "",
    "email_exact": "admin@email",
    "telephone": "",
    "cellphone": "",
    "code_telephone": null,
    "code_cellphone": null,
    "photo": "preview.png",
    "document_type": 1,
    "document_number": "00",
    "img_document_number": null,
    "ruc": null,
    "code": "00",
    "anonymous": true,
    "updated_at": "2017-10-02T21:17:38.226Z",
    "nationality": 1,
    "role": 1,
    "address": null,
    "residence_country": null,
    "foreign_address": null,
    "key": null,
    "status": 1,
    "groups": [],
    "user_permissions": []
  }
},
{
  "model": "api.user",
  "pk": 3,
  "fields": {
    "password": "pbkdf2_sha256$36000$ZoKwG4C5uFXR$IDtDvqi2/fH+4Jw4NfiZd0JW13TJ2ARQM4FhAfWZn5g=",
    "last_login": null,
    "is_superuser": false,
    "username": "clientoscar@mail.com",
    "first_name": "",
    "last_name": "",
    "email": "",
    "is_staff": false,
    "is_active": true,
    "date_joined": "2018-02-07T17:09:39.233Z",
    "nick": "TheClient",
    "email_exact": "clientoscar@mail.com",
    "telephone": "9213223131231",
    "cellphone": "1231231",
    "code_telephone": null,
    "code_cellphone": null,
    "photo": "",
    "document_type": 1,
    "document_number": "98482831251464424",
    "img_document_number": "",
    "ruc": "234234233252",
    "code": "C98482831251464424",
    "anonymous": true,
    "updated_at": "2018-02-07T17:09:39.466Z",
    "nationality": 1,
    "role": 2,
    "address": 6,
    "residence_country": 1,
    "foreign_address": "",
    "key": "",
    "status": 1,
    "groups": [],
    "user_permissions": []
  }
},
{
  "model": "api.user",
  "pk": 4,
  "fields": {
    "password": "pbkdf2_sha256$36000$DjB49YwHRIZg$Q/LnsILs4o+guLxCivJfNbvE0sV3n8OOGczrQSDWbe0=",
    "last_login": null,
    "is_superuser": false,
    "username": "cmoran@mail.com",
    "first_name": "Pedro",
    "last_name": "Moran",
    "email": "",
    "is_staff": false,
    "is_active": true,
    "date_joined": "2018-03-05T21:34:36.604Z",
    "nick": "cmorannick",
    "email_exact": "cmoran@mail.com",
    "telephone": "921471559",
    "cellphone": "921471559",
    "code_telephone": 18,
    "code_cellphone": 1,
    "photo": null,
    "document_type": "2",
    "document_number": "24612582",
    "img_document_number": null,
    "ruc": null,
    "code": "C24612582",
    "anonymous": true,
    "updated_at": "2018-03-05T21:34:36.669Z",
    "nationality": 1,
    "role": 2,
    "address": 7,
    "residence_country": 1,
    "foreign_address": null,
    "key": null,
    "status": 1,
    "groups": [],
    "user_permissions": []
  }
},
{
  "model": "api.user",
  "pk": 5,
  "fields": {
    "password": "pbkdf2_sha256$36000$DjB49YwHRIZg$Q/LnsILs4o+guLxCivJfNbvE0sV3n8OOGczrQSDWbe0=",
    "last_login": null,
    "is_superuser": false,
    "username": "emoran@mail.com",
    "first_name": "Pedro",
    "last_name": "Moran",
    "email": "",
    "is_staff": false,
    "is_active": true,
    "date_joined": "2018-03-05T21:35:00.992Z",
    "nick": "emoranNick",
    "email_exact": "emoran@mail.com",
    "telephone": "000231123",
    "cellphone": "00012231",
    "code_telephone": null,
    "code_cellphone": null,
    "photo": null,
    "document_type": 1,
    "document_number": "246125822",
    "img_document_number": null,
    "ruc": "316674344",
    "code": "E246125822",
    "anonymous": true,
    "updated_at": "2018-03-05T21:35:01.071Z",
    "nationality": 1,
    "role": 3,
    "address": 8,
    "residence_country": 1,
    "foreign_address": null,
    "key": "QHDLZI8E5R",
    "status": 1,
    "groups": [],
    "user_permissions": []
  }
},
{
  "model": "api.user",
  "pk": 6,
  "fields": {
    "password": "pbkdf2_sha256$36000$DjB49YwHRIZg$Q/LnsILs4o+guLxCivJfNbvE0sV3n8OOGczrQSDWbe0=",
    "last_login": null,
    "is_superuser": false,
    "username": "vmoran@mail.com",
    "first_name": "Pedro",
    "last_name": "Moran",
    "email": "",
    "is_staff": false,
    "is_active": true,
    "date_joined": "2018-03-05T21:35:27.538Z",
    "nick": "vmorannick",
    "email_exact": "vmoran@mail.com",
    "telephone": "9214715593",
    "cellphone": "9214715592",
    "code_telephone": null,
    "code_cellphone": null,
    "photo": null,
    "document_type": "2",
    "document_number": "246123423",
    "img_document_number": null,
    "ruc": null,
    "code": "V246123423",
    "anonymous": true,
    "updated_at": "2018-03-05T21:35:27.592Z",
    "nationality": 1,
    "role": 4,
    "address": 9,
    "residence_country": 1,
    "foreign_address": null,
    "key": "G8GAPXU05K",
    "status": 1,
    "groups": [],
    "user_permissions": []
  }
},
{
  "model": "api.user",
  "pk": 12,
  "fields": {
    "password": "pbkdf2_sha256$36000$DjB49YwHRIZg$Q/LnsILs4o+guLxCivJfNbvE0sV3n8OOGczrQSDWbe0=",
    "last_login": null,
    "is_superuser": false,
    "username": "test.user@mail.com",
    "first_name": "darwin",
    "last_name": "vasquez",
    "email": "",
    "is_staff": false,
    "is_active": true,
    "date_joined": "2018-03-08T20:11:50.434Z",
    "nick": "Bob32",
    "email_exact": "test.user@mail.com",
    "telephone": "921471559",
    "cellphone": "921471559",
    "code_telephone": null,
    "code_cellphone": null,
    "photo": "",
    "document_type": "2",
    "document_number": "20155984",
    "img_document_number": "",
    "ruc": "",
    "code": "C20155984",
    "anonymous": true,
    "updated_at": "2018-03-08T20:11:50.465Z",
    "nationality": 1,
    "role": 2,
    "address": 8,
    "residence_country": 1,
    "foreign_address": "",
    "key": "",
    "status": 1,
    "groups": [],
    "user_permissions": []
  }
},
{
  "model": "api.user",
  "pk": 14,
  "fields": {
    "password": "pbkdf2_sha256$36000$DjB49YwHRIZg$Q/LnsILs4o+guLxCivJfNbvE0sV3n8OOGczrQSDWbe0=",
    "last_login": null,
    "is_superuser": false,
    "username": "accounting@mail.com",
    "first_name": "Carlos",
    "last_name": "Lopez",
    "email": "",
    "is_staff": false,
    "is_active": true,
    "date_joined": "2018-02-07T17:09:39.233Z",
    "nick": "accounting ML",
    "email_exact": "accounting@mail.com",
    "telephone": "9213223131231",
    "cellphone": "1231231",
    "code_telephone": null,
    "code_cellphone": null,
    "photo": null,
    "document_type": 1,
    "document_number": "32145672",
    "img_document_number": "",
    "ruc": "32145672",
    "code": "E3145672",
    "anonymous": true,
    "updated_at": "2018-02-07T17:09:39.466Z",
    "nationality": 1,
    "role": 3,
    "address": 8,
    "residence_country": 1,
    "foreign_address": "",
    "key": "123456",
    "status": 1,
    "groups": [],
    "user_permissions": []
  }
},
{
  "model": "api.user",
  "pk": 15,
  "fields": {
    "password": "pbkdf2_sha256$36000$DjB49YwHRIZg$Q/LnsILs4o+guLxCivJfNbvE0sV3n8OOGczrQSDWbe0=",
    "last_login": null,
    "is_superuser": false,
    "username": "taxlaw@mail.com",
    "first_name": "Carlos",
    "last_name": "Lopez",
    "email": "",
    "is_staff": false,
    "is_active": true,
    "date_joined": "2018-03-05T21:34:36.604Z",
    "nick": "taxlaw ML",
    "email_exact": "taxlaw@mail.com",
    "telephone": "921471559",
    "cellphone": "921471559",
    "code_telephone": 18,
    "code_cellphone": 1,
    "photo": null,
    "document_type": "2",
    "document_number": "32145673",
    "img_document_number": "",
    "ruc": "32145673",
    "code": "E3145673",
    "anonymous": true,
    "updated_at": "2018-03-05T21:34:36.669Z",
    "nationality": 1,
    "role": 3,
    "address": 8,
    "residence_country": 1,
    "foreign_address": "",
    "key": "123456",
    "status": 1,
    "groups": [],
    "user_permissions": []
  }
},
{
  "model": "api.user",
  "pk": 16,
  "fields": {
    "password": "pbkdf2_sha256$36000$DjB49YwHRIZg$Q/LnsILs4o+guLxCivJfNbvE0sV3n8OOGczrQSDWbe0=",
    "last_login": null,
    "is_superuser": false,
    "username": "finance@mail.com",
    "first_name": "Carlos",
    "last_name": "Lopez",
    "email": "",
    "is_staff": false,
    "is_active": true,
    "date_joined": "2018-03-05T21:35:00.992Z",
    "nick": "finance ML",
    "email_exact": "finance@mail.com",
    "telephone": "000231123",
    "cellphone": "00012231",
    "code_telephone": null,
    "code_cellphone": null,
    "photo": null,
    "document_type": 1,
    "document_number": "32145674",
    "img_document_number": "",
    "ruc": "32145674",
    "code": "E3145674",
    "anonymous": true,
    "updated_at": "2018-03-05T21:35:01.071Z",
    "nationality": 1,
    "role": 3,
    "address": 8,
    "residence_country": 1,
    "foreign_address": "",
    "key": "123456",
    "status": 1,
    "groups": [],
    "user_permissions": []
  }
},
{
  "model": "api.user",
  "pk": 17,
  "fields": {
    "password": "pbkdf2_sha256$36000$DjB49YwHRIZg$Q/LnsILs4o+guLxCivJfNbvE0sV3n8OOGczrQSDWbe0=",
    "last_login": null,
    "is_superuser": false,
    "username": "insurance@mail.com",
    "first_name": "Carlos",
    "last_name": "Lopez",
    "email": "",
    "is_staff": false,
    "is_active": true,
    "date_joined": "2018-03-05T21:35:27.538Z",
    "nick": "insurance ML",
    "email_exact": "insurance@mail.com",
    "telephone": "9214715593",
    "cellphone": "9214715592",
    "code_telephone": null,
    "code_cellphone": null,
    "photo": null,
    "document_type": "2",
    "document_number": "32145675",
    "img_document_number": "",
    "ruc": "32145675",
    "code": "E3145675",
    "anonymous": true,
    "updated_at": "2018-03-05T21:35:27.592Z",
    "nationality": 1,
    "role": 3,
    "address": 8,
    "residence_country": 1,
    "foreign_address": "",
    "key": "123456",
    "status": 1,
    "groups": [],
    "user_permissions": []
  }
},
{
  "model": "api.user",
  "pk": 18,
  "fields": {
    "password": "pbkdf2_sha256$36000$DjB49YwHRIZg$Q/LnsILs4o+guLxCivJfNbvE0sV3n8OOGczrQSDWbe0=",
    "last_login": null,
    "is_superuser": false,
    "username": "corporatelaw@mail.com",
    "first_name": "Carlos",
    "last_name": "Lopez",
    "email": "",
    "is_staff": false,
    "is_active": true,
    "date_joined": "2018-02-07T17:09:39.233Z",
    "nick": "corporatelaw ML",
    "email_exact": "corporatelaw@mail.com",
    "telephone": "9213223131231",
    "cellphone": "1231231",
    "code_telephone": null,
    "code_cellphone": null,
    "photo": null,
    "document_type": 1,
    "document_number": "32145676",
    "img_document_number": "",
    "ruc": "32145676",
    "code": "E3145676",
    "anonymous": true,
    "updated_at": "2018-02-07T17:09:39.466Z",
    "nationality": 1,
    "role": 3,
    "address": 8,
    "residence_country": 1,
    "foreign_address": "",
    "key": "123456",
    "status": 1,
    "groups": [],
    "user_permissions": []
  }
},
{
  "model": "api.user",
  "pk": 19,
  "fields": {
    "password": "pbkdf2_sha256$36000$DjB49YwHRIZg$Q/LnsILs4o+guLxCivJfNbvE0sV3n8OOGczrQSDWbe0=",
    "last_login": null,
    "is_superuser": false,
    "username": "foreigntrade@mail.com",
    "first_name": "Carlos",
    "last_name": "Lopez",
    "email": "",
    "is_staff": false,
    "is_active": true,
    "date_joined": "2018-03-05T21:35:00.992Z",
    "nick": "foreigntrade ML",
    "email_exact": "foreigntrade@mail.com",
    "telephone": "000231123",
    "cellphone": "00012231",
    "code_telephone": null,
    "code_cellphone": null,
    "photo": null,
    "document_type": 1,
    "document_number": "32145677",
    "img_document_number": "",
    "ruc": "32145677",
    "code": "E3145677",
    "anonymous": true,
    "updated_at": "2018-03-05T21:35:01.071Z",
    "nationality": 1,
    "role": 3,
    "address": 8,
    "residence_country": 1,
    "foreign_address": "",
    "key": "123456",
    "status": 1,
    "groups": [],
    "user_permissions": []
  }
},
{
  "model": "api.user",
  "pk": 20,
  "fields": {
    "password": "pbkdf2_sha256$36000$DjB49YwHRIZg$Q/LnsILs4o+guLxCivJfNbvE0sV3n8OOGczrQSDWbe0=",
    "last_login": null,
    "is_superuser": false,
    "username": "informationtechnology@mail.com",
    "first_name": "Carlos",
    "last_name": "Lopez",
    "email": "",
    "is_staff": false,
    "is_active": true,
    "date_joined": "2018-03-08T21:02:15.150Z",
    "nick": "informationtechnology ML",
    "email_exact": "informationtechnology@mail.com",
    "telephone": "00023123",
    "cellphone": "0001231",
    "code_telephone": null,
    "code_cellphone": null,
    "photo": null,
    "document_type": 1,
    "document_number": "32145678",
    "img_document_number": "",
    "ruc": "32145678",
    "code": "E3145678",
    "anonymous": true,
    "updated_at": "2018-03-08T21:02:15.238Z",
    "nationality": 1,
    "role": 3,
    "address": 8,
    "residence_country": 1,
    "foreign_address": "",
    "key": "123456",
    "status": 1,
    "groups": [],
    "user_permissions": []
  }
},
{
  "model": "api.user",
  "pk": 21,
  "fields": {
    "password": "pbkdf2_sha256$36000$DjB49YwHRIZg$Q/LnsILs4o+guLxCivJfNbvE0sV3n8OOGczrQSDWbe0=",
    "last_login": "2018-03-08T15:34:34.393Z",
    "is_superuser": false,
    "username": "intellectualproperty@mail.com",
    "first_name": "Carlos",
    "last_name": "Lopez",
    "email": "",
    "is_staff": false,
    "is_active": true,
    "date_joined": "2017-10-02T21:17:37.995Z",
    "nick": "intellectualproperty ML",
    "email_exact": "intellectualproperty@mail.com",
    "telephone": "",
    "cellphone": "",
    "code_telephone": null,
    "code_cellphone": null,
    "photo": null,
    "document_type": 1,
    "document_number": "32145679",
    "img_document_number": "",
    "ruc": "32145679",
    "code": "E3145679",
    "anonymous": true,
    "updated_at": "2017-10-02T21:17:38.226Z",
    "nationality": 1,
    "role": 3,
    "address": 8,
    "residence_country": null,
    "foreign_address": "",
    "key": "123456",
    "status": 1,
    "groups": [],
    "user_permissions": []
  }
},
{
  "model": "api.user",
  "pk": 22,
  "fields": {
    "password": "pbkdf2_sha256$36000$DjB49YwHRIZg$Q/LnsILs4o+guLxCivJfNbvE0sV3n8OOGczrQSDWbe0=",
    "last_login": null,
    "is_superuser": false,
    "username": "advertising@mail.com",
    "first_name": "Carlos",
    "last_name": "Lopez",
    "email": "",
    "is_staff": false,
    "is_active": true,
    "date_joined": "2018-02-07T17:09:39.233Z",
    "nick": "advertising ML",
    "email_exact": "advertising@mail.com",
    "telephone": "9213223131231",
    "cellphone": "1231231",
    "code_telephone": null,
    "code_cellphone": null,
    "photo": null,
    "document_type": 1,
    "document_number": "321456710",
    "img_document_number": "",
    "ruc": "321456710",
    "code": "E31456710",
    "anonymous": true,
    "updated_at": "2018-02-07T17:09:39.466Z",
    "nationality": 1,
    "role": 3,
    "address": 8,
    "residence_country": 1,
    "foreign_address": "",
    "key": "123456",
    "status": 1,
    "groups": [],
    "user_permissions": []
  }
},
{
  "model": "api.user",
  "pk": 23,
  "fields": {
    "password": "pbkdf2_sha256$36000$DjB49YwHRIZg$Q/LnsILs4o+guLxCivJfNbvE0sV3n8OOGczrQSDWbe0=",
    "last_login": null,
    "is_superuser": false,
    "username": "organizationalpsychology@mail.com",
    "first_name": "Carlos",
    "last_name": "Lopez",
    "email": "",
    "is_staff": false,
    "is_active": true,
    "date_joined": "2018-03-05T21:34:36.604Z",
    "nick": "organizationalpsychology ML",
    "email_exact": "organizationalpsychology@mail.com",
    "telephone": "921471559",
    "cellphone": "921471559",
    "code_telephone": 18,
    "code_cellphone": 1,
    "photo": null,
    "document_type": "2",
    "document_number": "321456711",
    "img_document_number": "",
    "ruc": "321456711",
    "code": "E31456711",
    "anonymous": true,
    "updated_at": "2018-03-05T21:34:36.669Z",
    "nationality": 1,
    "role": 3,
    "address": 8,
    "residence_country": 1,
    "foreign_address": "",
    "key": "123456",
    "status": 1,
    "groups": [],
    "user_permissions": []
  }
},
{
  "model": "api.user",
  "pk": 24,
  "fields": {
    "password": "pbkdf2_sha256$36000$DjB49YwHRIZg$Q/LnsILs4o+guLxCivJfNbvE0sV3n8OOGczrQSDWbe0=",
    "last_login": null,
    "is_superuser": false,
    "username": "contractingwiththestate@mail.com",
    "first_name": "Carlos",
    "last_name": "Lopez",
    "email": "",
    "is_staff": false,
    "is_active": true,
    "date_joined": "2018-03-05T21:35:00.992Z",
    "nick": "contractingwiththestate ML",
    "email_exact": "contractingwiththestate@mail.com",
    "telephone": "000231123",
    "cellphone": "00012231",
    "code_telephone": null,
    "code_cellphone": null,
    "photo": null,
    "document_type": 1,
    "document_number": "321456712",
    "img_document_number": "",
    "ruc": "321456712",
    "code": "E31456712",
    "anonymous": true,
    "updated_at": "2018-03-05T21:35:01.071Z",
    "nationality": 1,
    "role": 3,
    "address": 8,
    "residence_country": 1,
    "foreign_address": "",
    "key": "123456",
    "status": 1,
    "groups": [],
    "user_permissions": []
  }
},
{
  "model": "api.user",
  "pk": 25,
  "fields": {
    "password": "pbkdf2_sha256$36000$DjB49YwHRIZg$Q/LnsILs4o+guLxCivJfNbvE0sV3n8OOGczrQSDWbe0=",
    "last_login": null,
    "is_superuser": false,
    "username": "marketing@mail.com",
    "first_name": "Carlos",
    "last_name": "Lopez",
    "email": "",
    "is_staff": false,
    "is_active": true,
    "date_joined": "2018-03-05T21:35:27.538Z",
    "nick": "marketing ML",
    "email_exact": "marketing@mail.com",
    "telephone": "9214715593",
    "cellphone": "9214715592",
    "code_telephone": null,
    "code_cellphone": null,
    "photo": null,
    "document_type": "2",
    "document_number": "321456713",
    "img_document_number": "",
    "ruc": "321456713",
    "code": "E31456713",
    "anonymous": true,
    "updated_at": "2018-03-05T21:35:27.592Z",
    "nationality": 1,
    "role": 3,
    "address": 8,
    "residence_country": 1,
    "foreign_address": "",
    "key": "123456",
    "status": 1,
    "groups": [],
    "user_permissions": []
  }
},
{
  "model": "api.user",
  "pk": 26,
  "fields": {
    "password": "pbkdf2_sha256$36000$DjB49YwHRIZg$Q/LnsILs4o+guLxCivJfNbvE0sV3n8OOGczrQSDWbe0=",
    "last_login": null,
    "is_superuser": false,
    "username": "mechanics@mail.com",
    "first_name": "Carlos",
    "last_name": "Lopez",
    "email": "",
    "is_staff": false,
    "is_active": true,
    "date_joined": "2018-02-07T17:09:39.233Z",
    "nick": "mechanics ML",
    "email_exact": "mechanics@mail.com",
    "telephone": "9213223131231",
    "cellphone": "1231231",
    "code_telephone": null,
    "code_cellphone": null,
    "photo": null,
    "document_type": 1,
    "document_number": "321456714",
    "img_document_number": "",
    "ruc": "321456714",
    "code": "E31456714",
    "anonymous": true,
    "updated_at": "2018-02-07T17:09:39.466Z",
    "nationality": 1,
    "role": 3,
    "address": 8,
    "residence_country": 1,
    "foreign_address": "",
    "key": "123456",
    "status": 1,
    "groups": [],
    "user_permissions": []
  }
},
{
  "model": "api.user",
  "pk": 27,
  "fields": {
    "password": "pbkdf2_sha256$36000$DjB49YwHRIZg$Q/LnsILs4o+guLxCivJfNbvE0sV3n8OOGczrQSDWbe0=",
    "last_login": null,
    "is_superuser": false,
    "username": "notaryandregistrylaw@mail.com",
    "first_name": "Carlos",
    "last_name": "Lopez",
    "email": "",
    "is_staff": false,
    "is_active": true,
    "date_joined": "2018-03-05T21:35:00.992Z",
    "nick": "notaryandregistrylaw ML",
    "email_exact": "notaryandregistrylaw@mail.com",
    "telephone": "000231123",
    "cellphone": "00012231",
    "code_telephone": null,
    "code_cellphone": null,
    "photo": null,
    "document_type": 1,
    "document_number": "321456715",
    "img_document_number": "",
    "ruc": "321456715",
    "code": "E31456715",
    "anonymous": true,
    "updated_at": "2018-03-05T21:35:01.071Z",
    "nationality": 1,
    "role": 3,
    "address": 8,
    "residence_country": 1,
    "foreign_address": "",
    "key": "123456",
    "status": 1,
    "groups": [],
    "user_permissions": []
  }
},
{
  "model": "api.user",
  "pk": 28,
  "fields": {
    "password": "pbkdf2_sha256$36000$DjB49YwHRIZg$Q/LnsILs4o+guLxCivJfNbvE0sV3n8OOGczrQSDWbe0=",
    "last_login": null,
    "is_superuser": false,
    "username": "projectmanagement@mail.com",
    "first_name": "Carlos",
    "last_name": "Lopez",
    "email": "",
    "is_staff": false,
    "is_active": true,
    "date_joined": "2018-03-08T21:02:15.150Z",
    "nick": "projectmanagement ML",
    "email_exact": "projectmanagement@mail.com",
    "telephone": "00023123",
    "cellphone": "0001231",
    "code_telephone": null,
    "code_cellphone": null,
    "photo": null,
    "document_type": 1,
    "document_number": "321456716",
    "img_document_number": "",
    "ruc": "321456716",
    "code": "E31456716",
    "anonymous": true,
    "updated_at": "2018-03-08T21:02:15.238Z",
    "nationality": 1,
    "role": 3,
    "address": 8,
    "residence_country": 1,
    "foreign_address": "",
    "key": "123456",
    "status": 1,
    "groups": [],
    "user_permissions": []
  }
},
{
  "model": "api.user",
  "pk": 29,
  "fields": {
    "password": "pbkdf2_sha256$36000$DjB49YwHRIZg$Q/LnsILs4o+guLxCivJfNbvE0sV3n8OOGczrQSDWbe0=",
    "last_login": "2018-03-08T15:34:34.393Z",
    "is_superuser": false,
    "username": "electricity@mail.com",
    "first_name": "Carlos",
    "last_name": "Lopez",
    "email": "",
    "is_staff": false,
    "is_active": true,
    "date_joined": "2017-10-02T21:17:37.995Z",
    "nick": "electricity ML",
    "email_exact": "electricity@mail.com",
    "telephone": "",
    "cellphone": "",
    "code_telephone": null,
    "code_cellphone": null,
    "photo": null,
    "document_type": 1,
    "document_number": "321456717",
    "img_document_number": "",
    "ruc": "321456717",
    "code": "E31456717",
    "anonymous": true,
    "updated_at": "2017-10-02T21:17:38.226Z",
    "nationality": 1,
    "role": 3,
    "address": 8,
    "residence_country": 1,
    "foreign_address": "",
    "key": "123456",
    "status": 1,
    "groups": [],
    "user_permissions": []
  }
},
{
  "model": "api.user",
  "pk": 30,
  "fields": {
    "password": "pbkdf2_sha256$36000$DjB49YwHRIZg$Q/LnsILs4o+guLxCivJfNbvE0sV3n8OOGczrQSDWbe0=",
    "last_login": null,
    "is_superuser": false,
    "username": "civilprocedurallaw@mail.com",
    "first_name": "Carlos",
    "last_name": "Lopez",
    "email": "",
    "is_staff": false,
    "is_active": true,
    "date_joined": "2018-02-07T17:09:39.233Z",
    "nick": "civilprocedurallaw ML",
    "email_exact": "civilprocedurallaw@mail.com",
    "telephone": "9213223131231",
    "cellphone": "1231231",
    "code_telephone": null,
    "code_cellphone": null,
    "photo": null,
    "document_type": 1,
    "document_number": "321456718",
    "img_document_number": "",
    "ruc": "321456718",
    "code": "E31456718",
    "anonymous": true,
    "updated_at": "2018-02-07T17:09:39.466Z",
    "nationality": 1,
    "role": 3,
    "address": 8,
    "residence_country": 1,
    "foreign_address": "",
    "key": "123456",
    "status": 1,
    "groups": [],
    "user_permissions": []
  }
},
{
  "model": "api.user",
  "pk": 31,
  "fields": {
    "password": "pbkdf2_sha256$36000$DjB49YwHRIZg$Q/LnsILs4o+guLxCivJfNbvE0sV3n8OOGczrQSDWbe0=",
    "last_login": null,
    "is_superuser": false,
    "username": "agroindustry@mail.com",
    "first_name": "Carlos",
    "last_name": "Lopez",
    "email": "",
    "is_staff": false,
    "is_active": true,
    "date_joined": "2018-03-05T21:34:36.604Z",
    "nick": "agroindustry ML",
    "email_exact": "agroindustry@mail.com",
    "telephone": "921471559",
    "cellphone": "921471559",
    "code_telephone": 18,
    "code_cellphone": 1,
    "photo": null,
    "document_type": "2",
    "document_number": "321456719",
    "img_document_number": "",
    "ruc": "321456719",
    "code": "E31456719",
    "anonymous": true,
    "updated_at": "2018-03-05T21:34:36.669Z",
    "nationality": 1,
    "role": 3,
    "address": 8,
    "residence_country": 1,
    "foreign_address": "",
    "key": "123456",
    "status": 1,
    "groups": [],
    "user_permissions": []
  }
},
{
  "model": "api.user",
  "pk": 32,
  "fields": {
    "password": "pbkdf2_sha256$36000$DjB49YwHRIZg$Q/LnsILs4o+guLxCivJfNbvE0sV3n8OOGczrQSDWbe0=",
    "last_login": null,
    "is_superuser": false,
    "username": "electronics@mail.com",
    "first_name": "Carlos",
    "last_name": "Lopez",
    "email": "",
    "is_staff": false,
    "is_active": true,
    "date_joined": "2018-03-05T21:35:00.992Z",
    "nick": "electronics ML",
    "email_exact": "electronics@mail.com",
    "telephone": "000231123",
    "cellphone": "00012231",
    "code_telephone": null,
    "code_cellphone": null,
    "photo": null,
    "document_type": 1,
    "document_number": "321456720",
    "img_document_number": "",
    "ruc": "321456720",
    "code": "E31456720",
    "anonymous": true,
    "updated_at": "2018-03-05T21:35:01.071Z",
    "nationality": 1,
    "role": 3,
    "address": 8,
    "residence_country": 1,
    "foreign_address": "",
    "key": "123456",
    "status": 1,
    "groups": [],
    "user_permissions": []
  }
},
{
  "model": "api.user",
  "pk": 33,
  "fields": {
    "password": "pbkdf2_sha256$36000$DjB49YwHRIZg$Q/LnsILs4o+guLxCivJfNbvE0sV3n8OOGczrQSDWbe0=",
    "last_login": null,
    "is_superuser": false,
    "username": "criminallaw@mail.com",
    "first_name": "Carlos",
    "last_name": "Lopez",
    "email": "",
    "is_staff": false,
    "is_active": true,
    "date_joined": "2018-03-05T21:35:27.538Z",
    "nick": "criminallaw ML",
    "email_exact": "criminallaw@mail.com",
    "telephone": "9214715593",
    "cellphone": "9214715592",
    "code_telephone": null,
    "code_cellphone": null,
    "photo": null,
    "document_type": "2",
    "document_number": "321456721",
    "img_document_number": "",
    "ruc": "321456721",
    "code": "E31456721",
    "anonymous": true,
    "updated_at": "2018-03-05T21:35:27.592Z",
    "nationality": 1,
    "role": 3,
    "address": 8,
    "residence_country": 1,
    "foreign_address": "",
    "key": "123456",
    "status": 1,
    "groups": [],
    "user_permissions": []
  }
},
{
  "model": "api.user",
  "pk": 34,
  "fields": {
    "password": "pbkdf2_sha256$36000$DjB49YwHRIZg$Q/LnsILs4o+guLxCivJfNbvE0sV3n8OOGczrQSDWbe0=",
    "last_login": null,
    "is_superuser": false,
    "username": "food@mail.com",
    "first_name": "Carlos",
    "last_name": "Lopez",
    "email": "",
    "is_staff": false,
    "is_active": true,
    "date_joined": "2018-02-07T17:09:39.233Z",
    "nick": "food ML",
    "email_exact": "food@mail.com",
    "telephone": "9213223131231",
    "cellphone": "1231231",
    "code_telephone": null,
    "code_cellphone": null,
    "photo": null,
    "document_type": 1,
    "document_number": "321456722",
    "img_document_number": "",
    "ruc": "321456722",
    "code": "E31456722",
    "anonymous": true,
    "updated_at": "2018-02-07T17:09:39.466Z",
    "nationality": 1,
    "role": 3,
    "address": 8,
    "residence_country": 1,
    "foreign_address": "",
    "key": "123456",
    "status": 1,
    "groups": [],
    "user_permissions": []
  }
},
{
  "model": "api.user",
  "pk": 35,
  "fields": {
    "password": "pbkdf2_sha256$36000$DjB49YwHRIZg$Q/LnsILs4o+guLxCivJfNbvE0sV3n8OOGczrQSDWbe0=",
    "last_login": null,
    "is_superuser": false,
    "username": "automation@mail.com",
    "first_name": "Carlos",
    "last_name": "Lopez",
    "email": "",
    "is_staff": false,
    "is_active": true,
    "date_joined": "2018-03-05T21:35:00.992Z",
    "nick": "automation ML",
    "email_exact": "automation@mail.com",
    "telephone": "000231123",
    "cellphone": "00012231",
    "code_telephone": null,
    "code_cellphone": null,
    "photo": null,
    "document_type": 1,
    "document_number": "321456723",
    "img_document_number": "",
    "ruc": "321456723",
    "code": "E31456723",
    "anonymous": true,
    "updated_at": "2018-03-05T21:35:01.071Z",
    "nationality": 1,
    "role": 3,
    "address": 8,
    "residence_country": 1,
    "foreign_address": "",
    "key": "123456",
    "status": 1,
    "groups": [],
    "user_permissions": []
  }
},
{
  "model": "api.user",
  "pk": 36,
  "fields": {
    "password": "pbkdf2_sha256$36000$DjB49YwHRIZg$Q/LnsILs4o+guLxCivJfNbvE0sV3n8OOGczrQSDWbe0=",
    "last_login": null,
    "is_superuser": false,
    "username": "laborlaw@mail.com",
    "first_name": "Carlos",
    "last_name": "Lopez",
    "email": "",
    "is_staff": false,
    "is_active": true,
    "date_joined": "2018-03-08T21:02:15.150Z",
    "nick": "laborlaw ML",
    "email_exact": "laborlaw@mail.com",
    "telephone": "00023123",
    "cellphone": "0001231",
    "code_telephone": null,
    "code_cellphone": null,
    "photo": null,
    "document_type": 1,
    "document_number": "321456724",
    "img_document_number": "",
    "ruc": "321456724",
    "code": "E31456724",
    "anonymous": true,
    "updated_at": "2018-03-08T21:02:15.238Z",
    "nationality": 1,
    "role": 3,
    "address": 8,
    "residence_country": 1,
    "foreign_address": "",
    "key": "123456",
    "status": 1,
    "groups": [],
    "user_permissions": []
  }
},
{
  "model": "api.user",
  "pk": 37,
  "fields": {
    "password": "pbkdf2_sha256$36000$DjB49YwHRIZg$Q/LnsILs4o+guLxCivJfNbvE0sV3n8OOGczrQSDWbe0=",
    "last_login": null,
    "is_superuser": false,
    "username": "gastronomy@mail.com",
    "first_name": "Carlos",
    "last_name": "Lopez",
    "email": "",
    "is_staff": false,
    "is_active": true,
    "date_joined": "2018-02-07T17:09:39.233Z",
    "nick": "gastronomy ML",
    "email_exact": "gastronomy@mail.com",
    "telephone": "9213223131231",
    "cellphone": "1231231",
    "code_telephone": null,
    "code_cellphone": null,
    "photo": "",
    "document_type": 1,
    "document_number": "321456725",
    "img_document_number": "",
    "ruc": "321456725",
    "code": "E31456725",
    "anonymous": true,
    "updated_at": "2018-02-07T17:09:39.466Z",
    "nationality": 1,
    "role": 3,
    "address": 8,
    "residence_country": 1,
    "foreign_address": "",
    "key": "123456",
    "status": 1,
    "groups": [],
    "user_permissions": []
  }
},
{
  "model": "api.user",
  "pk": 38,
  "fields": {
    "password": "pbkdf2_sha256$36000$DjB49YwHRIZg$Q/LnsILs4o+guLxCivJfNbvE0sV3n8OOGczrQSDWbe0=",
    "last_login": null,
    "is_superuser": false,
    "username": "plastics@mail.com",
    "first_name": "Carlos",
    "last_name": "Lopez",
    "email": "",
    "is_staff": false,
    "is_active": true,
    "date_joined": "2018-03-05T21:35:00.992Z",
    "nick": "plastics ML",
    "email_exact": "plastics@mail.com",
    "telephone": "000231123",
    "cellphone": "00012231",
    "code_telephone": null,
    "code_cellphone": null,
    "photo": "",
    "document_type": 1,
    "document_number": "321456726",
    "img_document_number": "",
    "ruc": "321456726",
    "code": "E31456726",
    "anonymous": true,
    "updated_at": "2018-03-05T21:35:01.071Z",
    "nationality": 1,
    "role": 3,
    "address": 8,
    "residence_country": 1,
    "foreign_address": "",
    "key": "123456",
    "status": 1,
    "groups": [],
    "user_permissions": []
  }
},
{
  "model": "api.user",
  "pk": 39,
  "fields": {
    "password": "pbkdf2_sha256$36000$DjB49YwHRIZg$Q/LnsILs4o+guLxCivJfNbvE0sV3n8OOGczrQSDWbe0=",
    "last_login": null,
    "is_superuser": false,
    "username": "mininglaw@mail.com",
    "first_name": "Carlos",
    "last_name": "Lopez",
    "email": "",
    "is_staff": false,
    "is_active": true,
    "date_joined": "2018-03-08T21:02:15.150Z",
    "nick": "mininglaw ML",
    "email_exact": "mininglaw@mail.com",
    "telephone": "00023123",
    "cellphone": "0001231",
    "code_telephone": null,
    "code_cellphone": null,
    "photo": "",
    "document_type": 1,
    "document_number": "321456727",
    "img_document_number": "",
    "ruc": "321456727",
    "code": "E31456727",
    "anonymous": true,
    "updated_at": "2018-03-08T21:02:15.238Z",
    "nationality": 1,
    "role": 3,
    "address": 8,
    "residence_country": 1,
    "foreign_address": "",
    "key": "123456",
    "status": 1,
    "groups": [],
    "user_permissions": []
  }
},
{
  "model": "api.user",
  "pk": 42,
  "fields": {
    "password": "pbkdf2_sha256$36000$DjB49YwHRIZg$Q/LnsILs4o+guLxCivJfNbvE0sV3n8OOGczrQSDWbe0=",
    "last_login": null,
    "is_superuser": false,
    "username": "cgarcia@mail.com",
    "first_name": "Teresa",
    "last_name": "Garcia",
    "email": "",
    "is_staff": false,
    "is_active": true,
    "date_joined": "2018-03-05T21:34:36.604Z",
    "nick": "cteresanick",
    "email_exact": "cgarcia@mail.com",
    "telephone": "9214715593",
    "cellphone": "9214715593",
    "code_telephone": 18,
    "code_cellphone": 1,
    "photo": "",
    "document_type": "2",
    "document_number": "246125821",
    "img_document_number": "",
    "ruc": "31667434",
    "code": "C246125821",
    "anonymous": true,
    "updated_at": "2018-03-05T21:34:36.669Z",
    "nationality": 1,
    "role": 2,
    "address": 7,
    "residence_country": 1,
    "foreign_address": "",
    "key": "",
    "status": 1,
    "groups": [],
    "user_permissions": []
  }
},
{
  "model": "api.user",
  "pk": 43,
  "fields": {
    "password": "pbkdf2_sha256$36000$DjB49YwHRIZg$Q/LnsILs4o+guLxCivJfNbvE0sV3n8OOGczrQSDWbe0=",
    "last_login": null,
    "is_superuser": false,
    "username": "egarcia@mail.com",
    "first_name": "Teresa",
    "last_name": "Garcia",
    "email": "",
    "is_staff": false,
    "is_active": true,
    "date_joined": "2018-03-05T21:35:00.992Z",
    "nick": "eteresaNick",
    "email_exact": "egarcia@mail.com",
    "telephone": "0002311233",
    "cellphone": "0002311233",
    "code_telephone": null,
    "code_cellphone": null,
    "photo": "",
    "document_type": 1,
    "document_number": "2461258221",
    "img_document_number": "",
    "ruc": "316674341",
    "code": "E2461258221",
    "anonymous": true,
    "updated_at": "2018-03-05T21:35:01.071Z",
    "nationality": 1,
    "role": 3,
    "address": 8,
    "residence_country": 1,
    "foreign_address": "",
    "key": "123456",
    "status": 1,
    "groups": [],
    "user_permissions": []
  }
},
{
  "model": "api.user",
  "pk": 44,
  "fields": {
    "password": "pbkdf2_sha256$36000$DjB49YwHRIZg$Q/LnsILs4o+guLxCivJfNbvE0sV3n8OOGczrQSDWbe0=",
    "last_login": null,
    "is_superuser": false,
    "username": "vgarcia@mail.com",
    "first_name": "Teresa",
    "last_name": "Garcia",
    "email": "",
    "is_staff": false,
    "is_active": true,
    "date_joined": "2018-03-05T21:35:27.538Z",
    "nick": "vteresanick",
    "email_exact": "vgarcia@mail.com",
    "telephone": "92147155933",
    "cellphone": "92147155933",
    "code_telephone": null,
    "code_cellphone": null,
    "photo": "",
    "document_type": "2",
    "document_number": "2461234231",
    "img_document_number": "",
    "ruc": "316674342",
    "code": "V2461234231",
    "anonymous": true,
    "updated_at": "2018-03-05T21:35:27.592Z",
    "nationality": 1,
    "role": 4,
    "address": 9,
    "residence_country": 1,
    "foreign_address": "",
    "key": "123456",
    "status": 1,
    "groups": [],
    "user_permissions": []
  }
},
{
  "model": "api.seller",
  "pk": 6,
  "fields": {
    "cv": null,
    "zone": null,
    "ciiu": 14,
    "groups": [],
    "user_permissions": []
  }
},
{
  "model": "api.specialist",
  "pk": 5,
  "fields": {
    "business_name": "PYMPACK",
    "type_specialist": "m",
    "star_rating": null,
    "cv": null,
    "payment_per_answer": "3.20",
    "category": 1,
    "groups": [],
    "user_permissions": []
  }
},
{
  "model": "api.specialist",
  "pk": 14,
  "fields": {
    "business_name": "PYMPACK",
    "type_specialist": "m",
    "star_rating": null,
    "cv": "",
    "payment_per_answer": "3.20",
    "category": 2,
    "groups": [],
    "user_permissions": []
  }
},
{
  "model": "api.specialist",
  "pk": 15,
  "fields": {
    "business_name": "PYMPACK",
    "type_specialist": "m",
    "star_rating": null,
    "cv": "",
    "payment_per_answer": "3.20",
    "category": 3,
    "groups": [],
    "user_permissions": []
  }
},
{
  "model": "api.specialist",
  "pk": 16,
  "fields": {
    "business_name": "paty electronics",
    "type_specialist": "m",
    "star_rating": null,
    "cv": "",
    "payment_per_answer": "3.20",
    "category": 4,
    "groups": [],
    "user_permissions": []
  }
},
{
  "model": "api.specialist",
  "pk": 17,
  "fields": {
    "business_name": "paty electronics",
    "type_specialist": "m",
    "star_rating": null,
    "cv": "",
    "payment_per_answer": "3.20",
    "category": 5,
    "groups": [],
    "user_permissions": []
  }
},
{
  "model": "api.specialist",
  "pk": 18,
  "fields": {
    "business_name": "paty electronics",
    "type_specialist": "m",
    "star_rating": null,
    "cv": "",
    "payment_per_answer": "3.20",
    "category": 6,
    "groups": [],
    "user_permissions": []
  }
},
{
  "model": "api.specialist",
  "pk": 19,
  "fields": {
    "business_name": "PYMPACK",
    "type_specialist": "m",
    "star_rating": null,
    "cv": "",
    "payment_per_answer": "3.20",
    "category": 7,
    "groups": [],
    "user_permissions": []
  }
},
{
  "model": "api.specialist",
  "pk": 20,
  "fields": {
    "business_name": "PYMPACK",
    "type_specialist": "m",
    "star_rating": null,
    "cv": "",
    "payment_per_answer": "3.20",
    "category": 8,
    "groups": [],
    "user_permissions": []
  }
},
{
  "model": "api.specialist",
  "pk": 21,
  "fields": {
    "business_name": "PYMPACK",
    "type_specialist": "m",
    "star_rating": null,
    "cv": "",
    "payment_per_answer": "3.20",
    "category": 9,
    "groups": [],
    "user_permissions": []
  }
},
{
  "model": "api.specialist",
  "pk": 22,
  "fields": {
    "business_name": "paty electronics",
    "type_specialist": "m",
    "star_rating": null,
    "cv": "",
    "payment_per_answer": "3.20",
    "category": 10,
    "groups": [],
    "user_permissions": []
  }
},
{
  "model": "api.specialist",
  "pk": 23,
  "fields": {
    "business_name": "PYMPACK",
    "type_specialist": "m",
    "star_rating": null,
    "cv": "",
    "payment_per_answer": "3.20",
    "category": 11,
    "groups": [],
    "user_permissions": []
  }
},
{
  "model": "api.specialist",
  "pk": 24,
  "fields": {
    "business_name": "paty electronics",
    "type_specialist": "m",
    "star_rating": null,
    "cv": "",
    "payment_per_answer": "3.20",
    "category": 12,
    "groups": [],
    "user_permissions": []
  }
},
{
  "model": "api.specialist",
  "pk": 25,
  "fields": {
    "business_name": "PYMPACK",
    "type_specialist": "m",
    "star_rating": null,
    "cv": "",
    "payment_per_answer": "3.20",
    "category": 13,
    "groups": [],
    "user_permissions": []
  }
},
{
  "model": "api.specialist",
  "pk": 26,
  "fields": {
    "business_name": "PYMPACK",
    "type_specialist": "m",
    "star_rating": null,
    "cv": "",
    "payment_per_answer": "3.20",
    "category": 14,
    "groups": [],
    "user_permissions": []
  }
},
{
  "model": "api.specialist",
  "pk": 27,
  "fields": {
    "business_name": "PYMPACK",
    "type_specialist": "m",
    "star_rating": null,
    "cv": "",
    "payment_per_answer": "3.20",
    "category": 15,
    "groups": [],
    "user_permissions": []
  }
},
{
  "model": "api.specialist",
  "pk": 28,
  "fields": {
    "business_name": "paty electronics",
    "type_specialist": "m",
    "star_rating": null,
    "cv": "",
    "payment_per_answer": "3.20",
    "category": 16,
    "groups": [],
    "user_permissions": []
  }
},
{
  "model": "api.specialist",
  "pk": 29,
  "fields": {
    "business_name": "PYMPACK",
    "type_specialist": "m",
    "star_rating": null,
    "cv": "",
    "payment_per_answer": "3.20",
    "category": 17,
    "groups": [],
    "user_permissions": []
  }
},
{
  "model": "api.specialist",
  "pk": 30,
  "fields": {
    "business_name": "PYMPACK",
    "type_specialist": "m",
    "star_rating": null,
    "cv": "",
    "payment_per_answer": "3.20",
    "category": 18,
    "groups": [],
    "user_permissions": []
  }
},
{
  "model": "api.specialist",
  "pk": 31,
  "fields": {
    "business_name": "paty electronics",
    "type_specialist": "m",
    "star_rating": null,
    "cv": "",
    "payment_per_answer": "3.20",
    "category": 19,
    "groups": [],
    "user_permissions": []
  }
},
{
  "model": "api.specialist",
  "pk": 32,
  "fields": {
    "business_name": "PYMPACK",
    "type_specialist": "m",
    "star_rating": null,
    "cv": "",
    "payment_per_answer": "3.20",
    "category": 20,
    "groups": [],
    "user_permissions": []
  }
},
{
  "model": "api.specialist",
  "pk": 33,
  "fields": {
    "business_name": "PYMPACK",
    "type_specialist": "m",
    "star_rating": null,
    "cv": "",
    "payment_per_answer": "3.20",
    "category": 21,
    "groups": [],
    "user_permissions": []
  }
},
{
  "model": "api.specialist",
  "pk": 34,
  "fields": {
    "business_name": "PYMPACK",
    "type_specialist": "m",
    "star_rating": null,
    "cv": "",
    "payment_per_answer": "3.20",
    "category": 22,
    "groups": [],
    "user_permissions": []
  }
},
{
  "model": "api.specialist",
  "pk": 35,
  "fields": {
    "business_name": "PYMPACK",
    "type_specialist": "m",
    "star_rating": null,
    "cv": "",
    "payment_per_answer": "3.20",
    "category": 23,
    "groups": [],
    "user_permissions": []
  }
},
{
  "model": "api.specialist",
  "pk": 36,
  "fields": {
    "business_name": "PYMPACK",
    "type_specialist": "m",
    "star_rating": null,
    "cv": "",
    "payment_per_answer": "3.20",
    "category": 24,
    "groups": [],
    "user_permissions": []
  }
},
{
  "model": "api.specialist",
  "pk": 37,
  "fields": {
    "business_name": "PYMPACK",
    "type_specialist": "m",
    "star_rating": null,
    "cv": "",
    "payment_per_answer": "3.20",
    "category": 25,
    "groups": [],
    "user_permissions": []
  }
},
{
  "model": "api.specialist",
  "pk": 38,
  "fields": {
    "business_name": "PYMPACK",
    "type_specialist": "m",
    "star_rating": null,
    "cv": "",
    "payment_per_answer": "3.20",
    "category": 26,
    "groups": [],
    "user_permissions": []
  }
},
{
  "model": "api.specialist",
  "pk": 39,
  "fields": {
    "business_name": "PYMPACK",
    "type_specialist": "m",
    "star_rating": null,
    "cv": "",
    "payment_per_answer": "3.20",
    "category": 27,
    "groups": [],
    "user_permissions": []
  }
},
{
  "model": "api.client",
  "pk": 3,
  "fields": {
    "type_client": "b",
    "sex": "m",
    "commercial_reason": "alpaneted",
    "civil_state": "c",
    "birthdate": "1991-02-05",
    "ciiu": 5,
    "activity_description": "123131232321",
    "institute": "",
    "ocupation": 7,
    "about": "1231231231231232123",
    "business_name": "alpanet",
    "agent_firstname": "Oscar",
    "agent_lastname": "Lopez",
    "position": "Gerente en Ventas",
    "profession": "",
    "economic_sector": 5,
    "level_instruction": null,
    "seller_asigned": null,
    "groups": [],
    "user_permissions": []
  }
},
{
  "model": "api.client",
  "pk": 4,
  "fields": {
    "type_client": "n",
    "sex": "m",
    "commercial_reason": null,
    "civil_state": "s",
    "birthdate": "1992-09-19",
    "ciiu": 2,
    "activity_description": "Loremp iptsum",
    "institute": "UPC",
    "ocupation": 1,
    "about": "iptsum aabout",
    "business_name": null,
    "agent_firstname": null,
    "agent_lastname": null,
    "position": null,
    "profession": "Gerente de Ventas",
    "economic_sector": null,
    "level_instruction": 1,
    "seller_asigned": null,
    "groups": [],
    "user_permissions": []
  }
},
{
  "model": "api.client",
  "pk": 12,
  "fields": {
    "type_client": "n",
    "sex": "m",
    "commercial_reason": "",
    "civil_state": "s",
    "birthdate": "1992-09-19",
    "ciiu": 2,
    "activity_description": "Loremp iptsum",
    "institute": "UPC",
    "ocupation": 1,
    "about": "iptsum aabout",
    "business_name": "",
    "agent_firstname": "",
    "agent_lastname": "",
    "position": "",
    "profession": "Gerente de Ventas",
    "economic_sector": null,
    "level_instruction": 1,
    "seller_asigned": null,
    "groups": [],
    "user_permissions": []
  }
},
{  "model": "api.seller",
  "pk": 6,
  "fields": {
    "cv": null,
    "zone": null,
    "ciiu": 14,
    "groups": [],
    "user_permissions": []
  }
},
{
  "model": "api.client",
  "pk": 42,
  "fields": {
    "type_client": "n",
    "sex": "f",
    "commercial_reason": "",
    "civil_state": "s",
    "birthdate": "1992-09-19",
    "ciiu": 2,
    "activity_description": "Loremp iptsum",
    "institute": "UPC",
    "ocupation": 1,
    "about": "iptsum aabout",
    "business_name": "",
    "agent_firstname": "",
    "agent_lastname": "",
    "position": "",
    "profession": "",
    "economic_sector": null,
    "level_instruction": 1,
    "seller_asigned": null,
    "groups": [],
    "user_permissions": []
  }
},
{
  "model": "api.queryplansacquired",
  "pk": 1,
  "fields": {
    "expiration_date": "2018-05-29",
    "validity_months": 3,
    "available_queries": 72,
    "query_quantity": 72,
    "activation_date": null,
    "is_active": false,
    "is_chosen": false,
    "available_requeries": 1,
    "maximum_response_time": 24,
    "acquired_at": "2018-02-08T14:48:37Z",
    "plan_name": "Minipack",
    "client": 3,
    "query_plans": 2,
    "sale_detail": 1
  }
},
{
  "model": "api.queryplansacquired",
  "pk": 2,
  "fields": {
    "expiration_date": "2018-09-03",
    "validity_months": 6,
    "available_queries": 72,
    "query_quantity": 72,
    "activation_date": "2018-03-05",
    "is_active": false,
    "is_chosen": false,
    "available_requeries": 1,
    "maximum_response_time": 24,
    "acquired_at": "2018-02-08T14:48:37Z",
    "plan_name": "PlusPack2",
    "client": 3,
    "query_plans": 2,
    "sale_detail": 2
  }
},
{
  "model": "api.queryplansacquired",
  "pk": 3,
  "fields": {
    "expiration_date": "2018-05-15",
    "validity_months": 6,
    "available_queries": 72,
    "query_quantity": 72,
    "activation_date": null,
    "is_active": false,
    "is_chosen": false,
    "available_requeries": 1,
    "maximum_response_time": 24,
    "acquired_at": "2018-02-08T14:48:37Z",
    "plan_name": "PlusPack",
    "client": 4,
    "query_plans": 2,
    "sale_detail": 3
  }
},
{
  "model": "api.queryplansacquired",
  "pk": 4,
  "fields": {
    "expiration_date": "2018-05-15",
    "validity_months": 6,
    "available_queries": 72,
    "query_quantity": 72,
    "activation_date": null,
    "is_active": false,
    "is_chosen": false,
    "available_requeries": 1,
    "maximum_response_time": 24,
    "acquired_at": "2018-02-08T14:48:37Z",
    "plan_name": "PlusPack",
    "client": 4,
    "query_plans": 2,
    "sale_detail": 4
  }
},
{
  "model": "api.queryplansacquired",
  "pk": 5,
  "fields": {
    "expiration_date": "2018-05-15",
    "validity_months": 6,
    "available_queries": 72,
    "query_quantity": 72,
    "activation_date": null,
    "is_active": false,
    "is_chosen": false,
    "available_requeries": 1,
    "maximum_response_time": 24,
    "acquired_at": "2018-02-08T14:48:37Z",
    "plan_name": "PlusPack",
    "client": 4,
    "query_plans": 2,
    "sale_detail": 5
  }
},
{
  "model": "api.queryplansacquired",
  "pk": 6,
  "fields": {
    "expiration_date": "2018-05-15",
    "validity_months": 6,
    "available_queries": 72,
    "query_quantity": 72,
    "activation_date": null,
    "is_active": true,
    "is_chosen": false,
    "available_requeries": 1,
    "maximum_response_time": 24,
    "acquired_at": "2018-02-08T14:48:37Z",
    "plan_name": "PlusPack",
    "client": 4,
    "query_plans": 2,
    "sale_detail": 6
  }
},
{
  "model": "api.queryplansacquired",
  "pk": 7,
  "fields": {
    "expiration_date": "2018-05-15",
    "validity_months": 6,
    "available_queries": 72,
    "query_quantity": 72,
    "activation_date": null,
    "is_active": true,
    "is_chosen": true,
    "available_requeries": 1,
    "maximum_response_time": 24,
    "acquired_at": "2018-02-08T14:48:37Z",
    "plan_name": "PlusPack",
    "client": 4,
    "query_plans": 2,
    "sale_detail": 7
  }
},
{
  "model": "api.queryplansacquired",
  "pk": 8,
  "fields": {
    "expiration_date": "2018-05-15",
    "validity_months": 6,
    "available_queries": 72,
    "query_quantity": 72,
    "activation_date": null,
    "is_active": true,
    "is_chosen": true,
    "available_requeries": 1,
    "maximum_response_time": 24,
    "acquired_at": "2018-02-08T14:48:37Z",
    "plan_name": "PlusPack",
    "client": 12,
    "query_plans": 2,
    "sale_detail": 8
  }
},
{
  "model": "api.queryplansacquired",
  "pk": 9,
  "fields": {
    "expiration_date": "2018-05-15",
    "validity_months": 6,
    "available_queries": 72,
    "query_quantity": 72,
    "activation_date": null,
    "is_active": true,
    "is_chosen": false,
    "available_requeries": 1,
    "maximum_response_time": 24,
    "acquired_at": "2018-02-08T14:48:37Z",
    "plan_name": "PlusPack",
    "client": 12,
    "query_plans": 2,
    "sale_detail": 9
  }
},
{
  "model": "api.queryplansacquired",
  "pk": 10,
  "fields": {
    "expiration_date": "2018-05-15",
    "validity_months": 6,
    "available_queries": 72,
    "query_quantity": 72,
    "activation_date": null,
    "is_active": true,
    "is_chosen": false,
    "available_requeries": 1,
    "maximum_response_time": 24,
    "acquired_at": "2018-02-08T14:48:37Z",
    "plan_name": "PlusPack",
    "client": 12,
    "query_plans": 2,
    "sale_detail": 10
  }
},
{
  "model": "api.queryplansacquired",
  "pk": 11,
  "fields": {
    "expiration_date": "2018-05-15",
    "validity_months": 6,
    "available_queries": 72,
    "query_quantity": 72,
    "activation_date": null,
    "is_active": true,
    "is_chosen": false,
    "available_requeries": 1,
    "maximum_response_time": 24,
    "acquired_at": "2018-02-08T14:48:37Z",
    "plan_name": "PlusPack",
    "client": 12,
    "query_plans": 2,
    "sale_detail": 11
  }
},
{
  "model": "api.queryplansacquired",
  "pk": 12,
  "fields": {
    "expiration_date": "2018-05-15",
    "validity_months": 6,
    "available_queries": 72,
    "query_quantity": 72,
    "activation_date": null,
    "is_active": true,
    "is_chosen": false,
    "available_requeries": 1,
    "maximum_response_time": 24,
    "acquired_at": "2018-02-08T14:48:37Z",
    "plan_name": "PlusPack",
    "client": 12,
    "query_plans": 2,
    "sale_detail": 12
  }
},
{
  "model": "api.queryplansacquired",
  "pk": 13,
  "fields": {
    "expiration_date": "2018-05-15",
    "validity_months": 6,
    "available_queries": 72,
    "query_quantity": 72,
    "activation_date": null,
    "is_active": true,
    "is_chosen": false,
    "available_requeries": 1,
    "maximum_response_time": 24,
    "acquired_at": "2018-02-08T14:48:37Z",
    "plan_name": "PlusPack",
    "client": 12,
    "query_plans": 2,
    "sale_detail": 13
  }
},
{
  "model": "api.queryplansacquired",
  "pk": 14,
  "fields": {
    "expiration_date": "2018-05-15",
    "validity_months": 6,
    "available_queries": 72,
    "query_quantity": 72,
    "activation_date": null,
    "is_active": true,
    "is_chosen": false,
    "available_requeries": 1,
    "maximum_response_time": 24,
    "acquired_at": "2018-02-08T14:48:37Z",
    "plan_name": "PlusPack",
    "client": 12,
    "query_plans": 2,
    "sale_detail": 14
  }
},
{
  "model": "api.queryplansacquired",
  "pk": 15,
  "fields": {
    "expiration_date": "2018-05-15",
    "validity_months": 6,
    "available_queries": 72,
    "query_quantity": 72,
    "activation_date": null,
    "is_active": true,
    "is_chosen": false,
    "available_requeries": 1,
    "maximum_response_time": 24,
    "acquired_at": "2018-02-08T14:48:37Z",
    "plan_name": "PlusPack",
    "client": 12,
    "query_plans": 2,
    "sale_detail": 15
  }
},
{
  "model": "api.queryplansacquired",
  "pk": 16,
  "fields": {
    "expiration_date": "2018-05-15",
    "validity_months": 6,
    "available_queries": 72,
    "query_quantity": 72,
    "activation_date": null,
    "is_active": true,
    "is_chosen": false,
    "available_requeries": 1,
    "maximum_response_time": 24,
    "acquired_at": "2018-02-08T14:48:37Z",
    "plan_name": "PlusPack",
    "client": 12,
    "query_plans": 2,
    "sale_detail": 16
  }
},
{
  "model": "api.queryplansacquired",
  "pk": 17,
  "fields": {
    "expiration_date": "2018-05-15",
    "validity_months": 6,
    "available_queries": 72,
    "query_quantity": 72,
    "activation_date": null,
    "is_active": true,
    "is_chosen": false,
    "available_requeries": 1,
    "maximum_response_time": 24,
    "acquired_at": "2018-02-08T14:48:37Z",
    "plan_name": "PlusPack",
    "client": 12,
    "query_plans": 2,
    "sale_detail": 17
  }
},
{
  "model": "api.queryplansacquired",
  "pk": 18,
  "fields": {
    "expiration_date": "2018-05-15",
    "validity_months": 6,
    "available_queries": 72,
    "query_quantity": 72,
    "activation_date": null,
    "is_active": true,
    "is_chosen": false,
    "available_requeries": 1,
    "maximum_response_time": 24,
    "acquired_at": "2018-02-08T14:48:37Z",
    "plan_name": "PlusPack",
    "client": 12,
    "query_plans": 2,
    "sale_detail": 18
  }
},
{
  "model": "api.queryplansacquired",
  "pk": 19,
  "fields": {
    "expiration_date": "2018-05-15",
    "validity_months": 6,
    "available_queries": 72,
    "query_quantity": 72,
    "activation_date": null,
    "is_active": true,
    "is_chosen": false,
    "available_requeries": 1,
    "maximum_response_time": 24,
    "acquired_at": "2018-02-08T14:48:37Z",
    "plan_name": "PlusPack19",
    "client": 12,
    "query_plans": 2,
    "sale_detail": 19
  }
},
{
  "model": "api.queryplansacquired",
  "pk": 20,
  "fields": {
    "expiration_date": "2018-05-15",
    "validity_months": 6,
    "available_queries": 72,
    "query_quantity": 72,
    "activation_date": null,
    "is_active": true,
    "is_chosen": false,
    "available_requeries": 1,
    "maximum_response_time": 24,
    "acquired_at": "2018-02-08T14:48:37Z",
    "plan_name": "PlusPack20",
    "client": 12,
    "query_plans": 2,
    "sale_detail": 20
  }
},
{
  "model": "api.queryplansacquired",
  "pk": 21,
  "fields": {
    "expiration_date": "2018-05-15",
    "validity_months": 6,
    "available_queries": 72,
    "query_quantity": 72,
    "activation_date": null,
    "is_active": true,
    "is_chosen": false,
    "available_requeries": 1,
    "maximum_response_time": 24,
    "acquired_at": "2018-02-08T14:48:37Z",
    "plan_name": "PlusPack21",
    "client": 12,
    "query_plans": 2,
    "sale_detail": 21
  }
},
{
  "model": "api.queryplansacquired",
  "pk": 22,
  "fields": {
    "expiration_date": "2018-05-15",
    "validity_months": 6,
    "available_queries": 72,
    "query_quantity": 72,
    "activation_date": null,
    "is_active": true,
    "is_chosen": false,
    "available_requeries": 1,
    "maximum_response_time": 24,
    "acquired_at": "2018-02-08T14:48:37Z",
    "plan_name": "PlusPack",
    "client": 12,
    "query_plans": 2,
    "sale_detail": 22
  }
},
{
  "model": "api.queryplansacquired",
  "pk": 23,
  "fields": {
    "expiration_date": "2018-05-15",
    "validity_months": 6,
    "available_queries": 72,
    "query_quantity": 72,
    "activation_date": null,
    "is_active": true,
    "is_chosen": false,
    "available_requeries": 1,
    "maximum_response_time": 24,
    "acquired_at": "2018-02-08T14:48:37Z",
    "plan_name": "PlusPack",
    "client": 12,
    "query_plans": 2,
    "sale_detail": 23
  }
},
{
  "model": "api.queryplansacquired",
  "pk": 24,
  "fields": {
    "expiration_date": "2018-05-15",
    "validity_months": 6,
    "available_queries": 72,
    "query_quantity": 72,
    "activation_date": null,
    "is_active": true,
    "is_chosen": false,
    "available_requeries": 1,
    "maximum_response_time": 24,
    "acquired_at": "2018-02-08T14:48:37Z",
    "plan_name": "PlusPack",
    "client": 12,
    "query_plans": 2,
    "sale_detail": 24
  }
},
{
  "model": "api.queryplansacquired",
  "pk": 25,
  "fields": {
    "expiration_date": "2018-05-15",
    "validity_months": 6,
    "available_queries": 72,
    "query_quantity": 72,
    "activation_date": null,
    "is_active": true,
    "is_chosen": false,
    "available_requeries": 1,
    "maximum_response_time": 24,
    "acquired_at": "2018-02-08T14:48:37Z",
    "plan_name": "PlusPackLast25",
    "client": 12,
    "query_plans": 2,
    "sale_detail": 25
  }
},
{
  "model": "api.queryplansacquired",
  "pk": 26,
  "fields": {
    "expiration_date": "2018-05-15",
    "validity_months": 6,
    "available_queries": 72,
    "query_quantity": 72,
    "activation_date": null,
    "is_active": true,
    "is_chosen": false,
    "available_requeries": 1,
    "maximum_response_time": 24,
    "acquired_at": "2018-02-08T14:48:37Z",
    "plan_name": "PlusPack26",
    "client": 12,
    "query_plans": 2,
    "sale_detail": 26
  }
},
{
  "model": "api.queryplansacquired",
  "pk": 27,
  "fields": {
    "expiration_date": "2018-05-15",
    "validity_months": 6,
    "available_queries": 72,
    "query_quantity": 72,
    "activation_date": null,
    "is_active": true,
    "is_chosen": false,
    "available_requeries": 1,
    "maximum_response_time": 24,
    "acquired_at": "2018-02-08T14:48:37Z",
    "plan_name": "PlusPack27",
    "client": 12,
    "query_plans": 2,
    "sale_detail": 27
  }
},
{
  "model": "api.queryplansacquired",
  "pk": 28,
  "fields": {
    "expiration_date": "2018-05-15",
    "validity_months": 6,
    "available_queries": 172,
    "query_quantity": 172,
    "activation_date": null,
    "is_active": true,
    "is_chosen": true,
    "available_requeries": 1,
    "maximum_response_time": 24,
    "acquired_at": "2018-02-08T14:48:37Z",
    "plan_name": "PlusPackCore",
    "client": 42,
    "query_plans": 2,
    "sale_detail": 28
  }
},
{
  "model": "api.sale",
  "pk": 1,
  "fields": {
    "created_at": "2018-02-08T14:28:25Z",
    "place": "BCP",
    "total_amount": "700.00",
    "reference_number": "CD1000",
    "description": "Test",
    "is_fee": true,
    "client": 3,
    "seller": null
  }
},
{
  "model": "api.sale",
  "pk": 2,
  "fields": {
    "created_at": "2018-02-15T14:28:25Z",
    "place": "BCP",
    "total_amount": "700.00",
    "reference_number": "CD1001",
    "description": "Test2",
    "is_fee": true,
    "client": 3,
    "seller": null
  }
},
{
  "model": "api.sale",
  "pk": 3,
  "fields": {
    "created_at": "2018-02-08T14:28:25Z",
    "place": "BCP",
    "total_amount": "700.00",
    "reference_number": "CD1002",
    "description": "Test3",
    "is_fee": true,
    "client": 3,
    "seller": null
  }
},
{
  "model": "api.sale",
  "pk": 4,
  "fields": {
    "created_at": "2018-02-08T14:28:25Z",
    "place": "BCP",
    "total_amount": "700.00",
    "reference_number": "CD1003",
    "description": "Test4",
    "is_fee": true,
    "client": 3,
    "seller": null
  }
},
{
  "model": "oauth2_provider.accesstoken",
  "pk": 1,
  "fields": {
    "user": 1,
    "token": "EGsnU4Cz3Mx50UCuLrc20mup10s0Gz",
    "application": 1,
    "expires": "9999-12-31T23:59:59Z",
    "scope": "",
    "created": "2016-12-31T23:59:59Z",
    "updated": "2017-10-02T22:27:09.173Z"
  }
},
{
  "model": "oauth2_provider.accesstoken",
  "pk": 2,
  "fields": {
    "user": 3,
    "token": "kEphPGlavEforKavpDzuZSgK0zpoX5",
    "application": 1,
    "expires": "9999-12-31T23:59:59Z",
    "scope": "",
    "created": "2016-12-31T23:59:59Z",
    "updated": "2017-10-02T22:27:09.173Z"
  }
},
{
  "model": "oauth2_provider.application",
  "pk": 1,
  "fields": {
    "client_id": "FUN5EkBD0iQo80i0JY0lF41Z0rjA0QtWKkV0BE02",
    "user": null,
    "redirect_uris": "",
    "client_type": "public",
    "authorization_grant_type": "password",
    "client_secret": "P7pj3QcE6G0hlS00UzJOJ8SRLlTGHYS0ESGr7QzlyK0uMsc4osaaStB6wS0GGxAelKjXv6xJ7p0Go8R5el2KaVlcM4050IeplkY2CW0xaOc9NI1f0KS9DoWxD0UbG4T0",
    "name": "",
    "skip_authorization": false,
    "created": "2017-10-02T21:19:16.205Z",
    "updated": "2017-10-02T21:19:16.205Z"
  }
}
]
