[
{
  "model": "api.user",
  "pk": 1,
  "fields": {
    "password": "pbkdf2_sha256$36000$ZoKwG4C5uFXR$IDtDvqi2/fH+4Jw4NfiZd0JW13TJ2ARQM4FhAfWZn5g=",
    "last_login": "2018-02-26T22:06:08.171Z",
    "is_superuser": true,
    "username": "admin",
    "first_name": "",
    "last_name": "",
    "email": "",
    "is_staff": true,
    "is_active": true,
    "date_joined": "2017-10-02T21:17:37.995Z",
    "nick": "",
    "email_exact": "admin@email",
    "telephone": "",
    "cellphone": "",
    "code_telephone": null,
    "code_cellphone": null,
    "photo": "preview.png",
    "document_type": 1,
    "document_number": "00",
    "img_document_number": null,
    "ruc": null,
    "code": "00",
    "anonymous": true,
    "updated_at": "2017-10-02T21:17:38.226Z",
    "nationality": 1,
    "role": 1,
    "address": null,
    "residence_country": null,
    "foreign_address": null,
    "key": null,
    "status": 1,
    "groups": [],
    "user_permissions": []
  }
},
{
  "model": "api.user",
  "pk": 3,
  "fields": {
    "password": "pbkdf2_sha256$36000$KMMGL3BbRIL4$Gp0o5Ls1ov2lVRfW985SuB/fdiJcZX6RMs+LgvaYP2s=",
    "last_login": null,
    "is_superuser": false,
    "username": "pablo",
    "first_name": "darwin",
    "last_name": "vasquez",
    "email": "",
    "is_staff": false,
    "is_active": true,
    "date_joined": "2018-02-09T19:20:32.328Z",
    "nick": "d",
    "email_exact": "pablolopez@gmail.com",
    "telephone": "921471559",
    "cellphone": "921471559",
    "code_telephone": null,
    "code_cellphone": null,
    "photo": "https://s3.amazonaws.com/linkup-photos/cbfecd05-2e3f-4f4d-a98a-6f656864897f.png",
    "document_type": "2",
    "document_number": "44544545",
    "img_document_number": null,
    "ruc": "4444",
    "code": "V144189921",
    "anonymous": true,
    "updated_at": "2018-02-09T19:20:32.363Z",
    "nationality": 2,
    "role": 4,
    "address": null,
    "residence_country": 2,
    "foreign_address": "cscsc",
    "key": "JYYMST73V1",
    "status": 1,
    "groups": [],
    "user_permissions": []
  }
},
{
  "model": "api.user",
  "pk": 4,
  "fields": {
    "password": "pbkdf2_sha256$36000$VOeT7PriDQ3N$u+QeTUC3lfrWf1E2RVXniMLrjF+rjhXGFwJMA11vIOU=",
    "last_login": null,
    "is_superuser": false,
    "username": "teresaq@tesla.com",
    "first_name": "teresa",
    "last_name": "garcia",
    "email": "",
    "is_staff": false,
    "is_active": true,
    "date_joined": "2018-02-09T19:21:10.101Z",
    "nick": "tere",
    "email_exact": "teresaq@tesla.com",
    "telephone": "00023123",
    "cellphone": "0001231",
    "code_telephone": null,
    "code_cellphone": null,
    "photo": "https://s3.amazonaws.com/linkup-photos/5b645dfa-e2ea-4319-a706-3374e5f65561.png",
    "document_type": 1,
    "document_number": "555",
    "img_document_number": null,
    "ruc": "33333",
    "code": "E555",
    "anonymous": true,
    "updated_at": "2018-02-09T19:21:10.179Z",
    "nationality": 1,
    "role": 3,
    "address": 7,
    "residence_country": 1,
    "foreign_address": "fefwefwef",
    "key": "MYR7U146MN",
    "status": 1,
    "groups": [],
    "user_permissions": []
  }
},
{
  "model": "api.user",
  "pk": 5,
  "fields": {
    "password": "pbkdf2_sha256$36000$3UM78PpeY4P5$zTDlcZKWDnDb/GWM6NxvMauMm/tEga+9tlciVCszBEk=",
    "last_login": null,
    "is_superuser": false,
    "username": "jefeti@pympack.com.pe",
    "first_name": "darwin",
    "last_name": "vasquez",
    "email": "jefeti@pympack.com.pe",
    "is_staff": false,
    "is_active": true,
    "date_joined": "2018-02-09T20:24:37.425Z",
    "nick": "dar",
    "email_exact": "jefeti@pympack.com.pe",
    "telephone": "921471559",
    "cellphone": "921471559",
    "code_telephone": null,
    "code_cellphone": null,
    "photo": null,
    "document_type": "2",
    "document_number": "2012298422",
    "img_document_number": null,
    "ruc": null,
    "code": "C2012298422",
    "anonymous": true,
    "updated_at": "2018-02-09T20:24:37.493Z",
    "nationality": 1,
    "role": 2,
    "address": 4,
    "residence_country": 3,
    "foreign_address": null,
    "key": "54321",
    "status": 1,
    "groups": [],
    "user_permissions": []
  }
},
{
  "model": "api.user",
  "pk": 11,
  "fields": {
    "password": "pbkdf2_sha256$36000$TpZVhIhMIYY7$Q1CokH9WoO9i34NfmbWsTMW95qsj094re9z2drZ+uZo=",
    "last_login": null,
    "is_superuser": false,
    "username": "clientejosue@mail.com",
    "first_name": "Josue",
    "last_name": "Contreras",
    "email": "",
    "is_staff": false,
    "is_active": true,
    "date_joined": "2018-02-26T15:41:41.361Z",
    "nick": "josuedaniel",
    "email_exact": "clientejosue@mail.com",
    "telephone": "987654321",
    "cellphone": "987654321",
    "code_telephone": 18,
    "code_cellphone": 1,
    "photo": null,
    "document_type": "2",
    "document_number": "24612582",
    "img_document_number": null,
    "ruc": null,
    "code": "C24612582",
    "anonymous": true,
    "updated_at": "2018-02-26T15:41:41.415Z",
    "nationality": 1,
    "role": 2,
    "address": 10,
    "residence_country": 1,
    "foreign_address": null,
    "key": null,
    "status": 1,
    "groups": [],
    "user_permissions": []
  }
},
{
  "model": "api.user",
  "pk": 12,
  "fields": {
    "password": "pbkdf2_sha256$36000$TpZVhIhMIYY7$Q1CokH9WoO9i34NfmbWsTMW95qsj094re9z2drZ+uZo=",
    "last_login": null,
    "is_superuser": false,
    "username": "cliente_extra@mail.com",
    "first_name": "Josue",
    "last_name": "Contreras",
    "email": "",
    "is_staff": false,
    "is_active": true,
    "date_joined": "2018-02-26T15:41:41.361Z",
    "nick": "josuedaniel",
    "email_exact": "cliente_extra@mail.com",
    "telephone": "987654321",
    "cellphone": "987654321",
    "code_telephone": 18,
    "code_cellphone": 1,
    "photo": null,
    "document_type": "2",
    "document_number": "246125823",
    "img_document_number": null,
    "ruc": null,
    "code": "C24612582",
    "anonymous": true,
    "updated_at": "2018-02-26T15:41:41.415Z",
    "nationality": 1,
    "role": 2,
    "address": 10,
    "residence_country": 1,
    "foreign_address": null,
    "key": null,
    "status": 1,
    "groups": [],
    "user_permissions": []
  }
},
{
  "model": "api.seller",
  "pk": 3,
  "fields": {
    "cv": null,
    "zone": null,
    "ciiu": 260,
    "groups": [],
    "user_permissions": []
  }
},
{
  "model": "api.client",
  "pk": 5,
  "fields": {
    "type_client": "n",
    "sex": "m",
    "commercial_reason": "efwfwe",
    "civil_state": "s",
    "birthdate": "2017-09-19",
    "ciiu": 10,
    "activity_description": "Loremp iptsum",
    "institute": "UNEFA",
    "ocupation": 1,
    "about": "iptsum aabout",
    "business_name": "wwww",
    "agent_firstname": null,
    "agent_lastname": null,
    "position": null,
    "profession": "Administrador",
    "economic_sector": null,
    "level_instruction": 1,
    "seller_asigned": null,
    "groups": [],
    "user_permissions": []
  }
},
{
  "model": "api.client",
  "pk": 11,
  "fields": {
    "type_client": "n",
    "sex": "m",
    "commercial_reason": "23",
    "civil_state": "s",
    "birthdate": "1987-10-18",
    "ciiu": 2,
    "activity_description": "Loremp iptsum",
    "institute": "U CHILE",
    "ocupation": 1,
    "about": "iptsum aabout",
    "business_name": null,
    "agent_firstname": null,
    "agent_lastname": null,
    "position": null,
    "profession": "Vendedor",
    "economic_sector": null,
    "level_instruction": 1,
    "seller_asigned": null,
    "groups": [],
    "user_permissions": []
  }
},
{
  "model": "api.client",
  "pk": 12,
  "fields": {
    "type_client": "n",
    "sex": "m",
    "commercial_reason": "23",
    "civil_state": "s",
    "birthdate": "1987-10-18",
    "ciiu": 2,
    "activity_description": "Loremp iptsum",
    "institute": "U CHILE",
    "ocupation": 1,
    "about": "iptsum aabout",
    "business_name": null,
    "agent_firstname": null,
    "agent_lastname": null,
    "position": null,
    "profession": "Vendedor",
    "economic_sector": null,
    "level_instruction": 1,
    "seller_asigned": null,
    "groups": [],
    "user_permissions": []
  }
},
{
  "model": "api.contracttype",
  "pk": 1,
  "fields": {
    "name": "tipo contrato1",
    "descripcion": "descripcion tipo contrato"
  }
},
{
  "model": "api.contract",
  "pk": 1,
  "fields": {
    "url_file": "http://www.contrato.com.pe",
    "created_at": "2018-02-15",
    "active": true,
    "validity_months": 21,
    "expiration_date": "2018-02-28",
    "type_contract": 1
  }
},
{
  "model": "api.saledetail",
  "pk": 1,
  "fields": {
    "price": "213.00",
    "description": "descripcion detalle venta",
    "discount": "2313.00",
    "pin_code": "INTEL12345",
    "is_billable": true,
    "contract": 1,
    "product_type": 1,
    "sale": 1
  }
},
{
  "model": "api.saledetail",
  "pk": 2,
  "fields": {
    "price": "1212.00",
    "description": "venta descripcion2",
    "discount": "21212.00",
    "pin_code": "INTEL12345",
    "is_billable": true,
    "contract": 1,
    "product_type": 1,
    "sale": 2
  }
},
{
  "model": "api.sale",
  "pk": 1,
  "fields": {
    "created_at": "2018-02-15T23:06:21.984Z",
    "place": "surco",
    "total_amount": "321.00",
    "reference_number": "12312312",
    "description": "descripcion venta",
    "is_fee": false,
    "client": 11,
    "seller": 3
  }
},
{
  "model": "api.sale",
  "pk": 2,
  "fields": {
    "created_at": "2018-02-27T15:59:20.410Z",
    "place": "venta2",
    "total_amount": "12.00",
    "reference_number": "23123",
    "description": "test venta",
    "is_fee": false,
    "client": 11,
    "seller": 3
  }
},
{
  "model": "api.clasification",
  "pk": 1,
  "fields": {
    "name": "clasificacion1",
    "created_at": "2018-02-15T22:50:36Z"
  }
},
{
  "model": "api.clasification",
  "pk": 2,
  "fields": {
    "name": "clasificacion2",
    "created_at": "2018-02-15T22:58:51.751Z"
  }
},
{
  "model": "api.producttype",
  "pk": 1,
  "fields": {
    "name": "tipoproducto1",
    "description": "descripion1",
    "created_at": "2018-02-15T23:03:19Z"
  }
},
{
  "model": "api.address",
  "pk": 1,
  "fields": {
    "street": "esteban camere",
    "department": 1,
    "province": 1,
    "district": 1
  }
},
{
  "model": "api.address",
  "pk": 2,
  "fields": {
    "street": "yuyuyuu",
    "department": 15,
    "province": 134,
    "district": 1381
  }
},
{
  "model": "api.address",
  "pk": 3,
  "fields": {
    "street": "jupiter 209",
    "department": 2,
    "province": 24,
    "district": 221
  }
},
{
  "model": "api.address",
  "pk": 4,
  "fields": {
    "street": "esteban camere",
    "department": 1,
    "province": 1,
    "district": 1
  }
},
{
  "model": "api.address",
  "pk": 5,
  "fields": {
    "street": "dwdas",
    "department": 18,
    "province": 146,
    "district": 1482
  }
},
{
  "model": "api.address",
  "pk": 6,
  "fields": {
    "street": "wrrwrg",
    "department": 10,
    "province": 93,
    "district": 937
  }
},
{
  "model": "api.address",
  "pk": 7,
  "fields": {
    "street": "saascad",
    "department": 17,
    "province": 145,
    "district": 1480
  }
},
{
  "model": "api.address",
  "pk": 8,
  "fields": {
    "street": "fwef",
    "department": 15,
    "province": 135,
    "district": 1387
  }
},
{
  "model": "api.address",
  "pk": 9,
  "fields": {
    "street": "Lima",
    "department": 1,
    "province": 1,
    "district": 1
  }
},
{
  "model": "api.address",
  "pk": 10,
  "fields": {
    "street": "Lima",
    "department": 1,
    "province": 1,
    "district": 1
  }
},
{
  "model": "api.queryplans",
  "pk": 1,
  "fields": {
    "name": "plan1",
    "query_quantity": 1,
    "validity_months": 2,
    "maximum_response_time": 2,
    "price": "45.0000",
    "created_at": "2018-02-15T23:03:29.725Z",
    "is_active": true,
    "product_type": 1,
    "clasification": 1
  }
},
{
  "model": "api.queryplansacquired",
  "pk": 2,
  "fields": {
    "expiration_date": "2019-02-28",
    "validity_months": 2,
    "available_queries": 3,
    "query_quantity": 2,
    "activation_date": "2018-02-13",
    "is_active": true,
    
    "available_requeries": 23,
    "maximum_response_time": 23,
    "acquired_at": "2018-02-15T23:09:23.626Z",
    "plan_name": "express",
    "query_plans": 1,
    "sale_detail": 1
  }
},
{
  "model": "api.queryplansacquired",
  "pk": 3,
  "fields": {
    "expiration_date": "2018-03-29",
    "validity_months": 1,
    "available_queries": 1,
    "query_quantity": 2,
    "activation_date": "2018-02-16",
    "is_active": true,
    
    "available_requeries": 23,
    "maximum_response_time": 23,
    "acquired_at": "2018-02-16T17:49:14.106Z",
    "plan_name": "minipack",
    "query_plans": 1,
    "sale_detail": 1
  }
},
{
  "model": "api.queryplansacquired",
  "pk": 4,
  "fields": {
    "expiration_date": "2018-02-28",
    "validity_months": 21,
    "available_queries": 6,
    "query_quantity": 4,
    "activation_date": "2018-02-19",
    "is_active": true,
    
    "available_requeries": 123,
    "maximum_response_time": 123,
    "acquired_at": "2018-02-19T20:29:12.399Z",
    "plan_name": "megaplan",
    "query_plans": 1,
    "sale_detail": 1
  }
},
{
  "model": "api.queryplansacquired",
  "pk": 5,
  "fields": {
    "expiration_date": "2018-02-26",
    "validity_months": 2,
    "available_queries": 1,
    "query_quantity": 3,
    "activation_date": "2018-02-26",
    "is_active": true,
    
    "available_requeries": 23,
    "maximum_response_time": 32,
    "acquired_at": "2018-02-26T15:55:55.940Z",
    "plan_name": "super plan",
    "query_plans": 1,
    "sale_detail": 1
  }
},
{
  "model": "api.queryplansacquired",
  "pk": 6,
  "fields": {
    "expiration_date": "2018-02-26",
    "validity_months": 4,
    "available_queries": 5,
    "query_quantity": 5,
    "activation_date": "2018-02-26",
    "is_active": true,
    
    "available_requeries": 34,
    "maximum_response_time": 435,
    "acquired_at": "2018-02-26T21:58:39.709Z",
    "plan_name": "test1",
    "query_plans": 1,
    "sale_detail": 1
  }
},
{
  "model": "api.queryplansacquired",
  "pk": 7,
  "fields": {
    "expiration_date": "2018-02-26",
    "validity_months": 3,
    "available_queries": 3,
    "query_quantity": 2,
    "activation_date": "2018-02-26",
    "is_active": true,
    
    "available_requeries": 2,
    "maximum_response_time": 2,
    "acquired_at": "2018-02-26T21:59:03.628Z",
    "plan_name": "test2",
    "query_plans": 1,
    "sale_detail": 1
  }
},
{
  "model": "api.queryplansacquired",
  "pk": 8,
  "fields": {
    "expiration_date": "2018-02-26",
    "validity_months": 3,
    "available_queries": 2,
    "query_quantity": 1,
    "activation_date": "2018-02-26",
    "is_active": true,
    
    "available_requeries": 2,
    "maximum_response_time": 1,
    "acquired_at": "2018-02-26T21:59:24.673Z",
    "plan_name": "test3",
    "query_plans": 1,
    "sale_detail": 1
  }
},
{
  "model": "api.queryplansacquired",
  "pk": 9,
  "fields": {
    "expiration_date": "2018-02-26",
    "validity_months": 1,
    "available_queries": 1,
    "query_quantity": 1,
    "activation_date": "2018-02-26",
    "is_active": true,
    
    "available_requeries": 1,
    "maximum_response_time": 1,
    "acquired_at": "2018-02-26T21:59:41.322Z",
    "plan_name": "test5",
    "query_plans": 1,
    "sale_detail": 1
  }
},
{
  "model": "api.queryplansacquired",
  "pk": 10,
  "fields": {
    "expiration_date": "2018-02-26",
    "validity_months": 2,
    "available_queries": 2,
    "query_quantity": 2,
    "activation_date": "2018-02-26",
    "is_active": true,
    
    "available_requeries": 2,
    "maximum_response_time": 2,
    "acquired_at": "2018-02-26T22:00:15.227Z",
    "plan_name": "test4",
    "query_plans": 1,
    "sale_detail": 1
  }
},
{
  "model": "api.queryplansacquired",
  "pk": 11,
  "fields": {
    "expiration_date": "2018-02-26",
    "validity_months": 2,
    "available_queries": 2,
    "query_quantity": 2,
    "activation_date": "2018-02-26",
    "is_active": true,
    
    "available_requeries": 2,
    "maximum_response_time": 3,
    "acquired_at": "2018-02-26T22:00:57.006Z",
    "plan_name": "test6",
    "query_plans": 1,
    "sale_detail": 1
  }
},
{
  "model": "api.queryplansacquired",
  "pk": 12,
  "fields": {
    "expiration_date": "2018-02-26",
    "validity_months": 3,
    "available_queries": 4,
    "query_quantity": 5,
    "activation_date": "2018-02-26",
    "is_active": true,
    
    "available_requeries": 4,
    "maximum_response_time": 5,
    "acquired_at": "2018-02-26T22:01:17.499Z",
    "plan_name": "test7",
    "query_plans": 1,
    "sale_detail": 1
  }
},
{
  "model": "api.queryplansacquired",
  "pk": 13,
  "fields": {
    "expiration_date": "2018-02-26",
    "validity_months": 1,
    "available_queries": 2,
    "query_quantity": 3,
    "activation_date": "2018-02-26",
    "is_active": true,
    
    "available_requeries": 4,
    "maximum_response_time": 2,
    "acquired_at": "2018-02-26T22:01:35.056Z",
    "plan_name": "test8",
    "query_plans": 1,
    "sale_detail": 1
  }
},
{
  "model": "api.queryplansacquired",
  "pk": 14,
  "fields": {
    "expiration_date": "2018-02-26",
    "validity_months": 3,
    "available_queries": 2,
    "query_quantity": 4,
    "activation_date": "2018-02-26",
    "is_active": true,
    
    "available_requeries": 3,
    "maximum_response_time": 2,
    "acquired_at": "2018-02-26T22:01:53.756Z",
    "plan_name": "test9",
    "query_plans": 1,
    "sale_detail": 1
  }
},
{
  "model": "api.queryplansacquired",
  "pk": 15,
  "fields": {
    "expiration_date": "2018-02-26",
    "validity_months": 2,
    "available_queries": 1,
    "query_quantity": 3,
    "activation_date": "2018-02-26",
    "is_active": true,
    
    "available_requeries": 3,
    "maximum_response_time": 4,
    "acquired_at": "2018-02-26T22:02:11.042Z",
    "plan_name": "test10",
    "query_plans": 1,
    "sale_detail": 1
  }
},
{
  "model": "api.queryplansacquired",
  "pk": 16,
  "fields": {
    "expiration_date": "2018-02-26",
    "validity_months": 3,
    "available_queries": 2,
    "query_quantity": 4,
    "activation_date": "2018-02-26",
    "is_active": true,
    
    "available_requeries": 7,
    "maximum_response_time": 8,
    "acquired_at": "2018-02-26T22:08:04.971Z",
    "plan_name": "test 11",
    "query_plans": 1,
    "sale_detail": 1
  }
},
{
  "model": "api.queryplansacquired",
  "pk": 17,
  "fields": {
    "expiration_date": "2018-02-26",
    "validity_months": 3,
    "available_queries": 3,
    "query_quantity": 4,
    "activation_date": "2018-02-26",
    "is_active": true,
    
    "available_requeries": 4,
    "maximum_response_time": 3,
    "acquired_at": "2018-02-26T22:10:48.155Z",
    "plan_name": "test 12",
    "query_plans": 1,
    "sale_detail": 1
  }
},
{
  "model": "api.queryplansacquired",
  "pk": 18,
  "fields": {
    "expiration_date": "2018-02-26",
    "validity_months": 3,
    "available_queries": 3,
    "query_quantity": 4,
    "activation_date": "2018-02-26",
    "is_active": true,
    
    "available_requeries": 3,
    "maximum_response_time": 3,
    "acquired_at": "2018-02-26T22:14:17.141Z",
    "plan_name": "test 13",
    "query_plans": 1,
    "sale_detail": 1
  }
},
{
  "model": "api.queryplansacquired",
  "pk": 19,
  "fields": {
    "expiration_date": "2018-02-26",
    "validity_months": 6,
    "available_queries": 4,
    "query_quantity": 5,
    "activation_date": "2018-02-26",
    "is_active": true,
    
    "available_requeries": 10,
    "maximum_response_time": 11,
    "acquired_at": "2018-02-26T22:14:48.116Z",
    "plan_name": "test 14",
    "query_plans": 1,
    "sale_detail": 1
  }
},
{
  "model": "api.queryplansacquired",
  "pk": 20,
  "fields": {
    "expiration_date": "2018-02-26",
    "validity_months": 5,
    "available_queries": 12,
    "query_quantity": 4,
    "activation_date": "2018-02-26",
    "is_active": true,
    
    "available_requeries": 4,
    "maximum_response_time": 4,
    "acquired_at": "2018-02-26T22:15:18.376Z",
    "plan_name": "test 15",
    "query_plans": 1,
    "sale_detail": 1
  }
},
{
  "model": "api.queryplansacquired",
  "pk": 21,
  "fields": {
    "expiration_date": "2018-02-26",
    "validity_months": 7,
    "available_queries": 7,
    "query_quantity": 5,
    "activation_date": "2018-02-26",
    "is_active": true,
    
    "available_requeries": 5,
    "maximum_response_time": 8,
    "acquired_at": "2018-02-26T22:16:33.238Z",
    "plan_name": "test 16",
    "query_plans": 1,
    "sale_detail": 1
  }
},
{
  "model": "api.queryplansacquired",
  "pk": 22,
  "fields": {
    "expiration_date": "2018-02-26",
    "validity_months": 10,
    "available_queries": 6,
    "query_quantity": 7,
    "activation_date": "2018-02-26",
    "is_active": false,
    
    "available_requeries": 8,
    "maximum_response_time": 6,
    "acquired_at": "2018-02-26T22:17:05.963Z",
    "plan_name": "test 17",
    "query_plans": 1,
    "sale_detail": 2
  }
},
{
  "model": "api.queryplansacquired",
  "pk": 23,
  "fields": {
    "expiration_date": "2018-02-26",
    "validity_months": 1,
    "available_queries": 1,
    "query_quantity": 1,
    "activation_date": "2018-02-26",
    "is_active": false,    
    "available_requeries": 1,
    "maximum_response_time": 12,
    "acquired_at": "2018-02-26T22:17:05.963Z",
    "plan_name": "test 23",
    "query_plans": 1,
    "sale_detail": 2
  }
},
{
  "model": "api.queryplansclient",
  "pk": 2,
  "fields": {
    "is_chosen": true,
    "acquired_plan": 2,
    "client": 11,
    "owner": true,
    "transfer": true,
    "share": true,
    "empower": true,
    "status": 1
  }
},
{
  "model": "api.queryplansclient",
  "pk": 3,
  "fields": {
    "is_chosen": false,
    "acquired_plan": 3,
    "client": 11,
    "owner": true,
    "transfer": true,
    "share": true,
    "empower": true,
    "status": 1
  }
},
{
  "model": "api.queryplansclient",
  "pk": 4,
  "fields": {
    "is_chosen": false,
    "acquired_plan": 4,
    "client": 11,
    "owner": true,
    "transfer": true,
    "share": true,
    "empower": true,
    "status": 1
  }
},
{
  "model": "api.queryplansclient",
  "pk": 5,
  "fields": {
    "is_chosen": false,
    "acquired_plan": 5,
    "client": 11,
    "owner": true,
    "transfer": true,
    "share": true,
    "empower": true,
    "status": 1
  }
},
{
  "model": "api.queryplansclient",
  "pk": 6,
  "fields": {
    "is_chosen": false,
    "acquired_plan": 6,
    "client": 11,
    "owner": true,
    "transfer": true,
    "share": true,
    "empower": true,
    "status": 1
  }
},
{
  "model": "api.queryplansclient",
  "pk": 7,
  "fields": {
    "is_chosen": false,
    "acquired_plan": 7,
    "client": 11,
    "owner": true,
    "transfer": true,
    "share": true,
    "empower": true,
    "status": 1
  }
},
{
  "model": "api.queryplansclient",
  "pk": 8,
  "fields": {
    "is_chosen": false,
    "acquired_plan": 8,
    "client": 11,
    "owner": true,
    "transfer": true,
    "share": true,
    "empower": true,
    "status": 1
  }
},
{
  "model": "api.queryplansclient",
  "pk": 9,
  "fields": {
    "is_chosen": false,
    "acquired_plan": 9,
    "client": 11,
    "owner": true,
    "transfer": true,
    "share": true,
    "empower": true,
    "status": 1
  }
},
{
  "model": "api.queryplansclient",
  "pk": 10,
  "fields": {
    "is_chosen": false,
    "acquired_plan": 10,
    "client": 11,
    "owner": true,
    "transfer": true,
    "share": true,
    "empower": true,
    "status": 1
  }
},
{
  "model": "api.queryplansclient",
  "pk": 11,
  "fields": {
    "is_chosen": false,
    "acquired_plan": 11,
    "client": 11,
    "owner": true,
    "transfer": true,
    "share": true,
    "empower": true,
    "status": 1
  }
},
{
  "model": "api.queryplansclient",
  "pk": 12,
  "fields": {
    "is_chosen": false,
    "acquired_plan": 12,
    "client": 11,
    "owner": true,
    "transfer": true,
    "share": true,
    "empower": true,
    "status": 1
  }
},
{
  "model": "api.queryplansclient",
  "pk": 13,
  "fields": {
    "is_chosen": false,
    "acquired_plan": 13,
    "client": 11,
    "owner": true,
    "transfer": true,
    "share": true,
    "empower": true,
    "status": 1
  }
},
{
  "model": "api.queryplansclient",
  "pk": 14,
  "fields": {
    "is_chosen": false,
    "acquired_plan": 14,
    "client": 11,
    "owner": true,
    "transfer": true,
    "share": true,
    "empower": true,
    "status": 1
  }
},
{
  "model": "api.queryplansclient",
  "pk": 15,
  "fields": {
    "is_chosen": false,
    "acquired_plan": 15,
    "client": 11,
    "owner": true,
    "transfer": true,
    "share": true,
    "empower": true,
    "status": 1
  }
},
{
  "model": "api.queryplansclient",
  "pk": 16,
  "fields": {
    "is_chosen": false,
    "acquired_plan": 16,
    "client": 11,
    "owner": true,
    "transfer": true,
    "share": true,
    "empower": true,
    "status": 1
  }
},
{
  "model": "api.queryplansclient",
  "pk": 17,
  "fields": {
    "is_chosen": false,
    "acquired_plan": 17,
    "client": 11,
    "owner": true,
    "transfer": true,
    "share": true,
    "empower": true,
    "status": 1
  }
},
{
  "model": "api.queryplansclient",
  "pk": 18,
  "fields": {
    "is_chosen": false,
    "acquired_plan": 18,
    "client": 11,
    "owner": true,
    "transfer": true,
    "share": true,
    "empower": true,
    "status": 1
  }
},
{
  "model": "api.queryplansclient",
  "pk": 19,
  "fields": {
    "is_chosen": false,
    "acquired_plan": 19,
    "client": 11,
    "owner": true,
    "transfer": true,
    "share": true,
    "empower": true,
    "status": 1
  }
},
{
  "model": "api.queryplansclient",
  "pk": 20,
  "fields": {
    "is_chosen": false,
    "acquired_plan": 20,
    "client": 11,
    "owner": true,
    "transfer": true,
    "share": true,
    "empower": true,
    "status": 1
  }
},
{
  "model": "api.queryplansclient",
  "pk": 21,
  "fields": {
    "is_chosen": false,
    "acquired_plan": 21,
    "client": 11,
    "owner": true,
    "transfer": true,
    "share": true,
    "empower": true,
    "status": 1
  }
},
{
  "model": "api.queryplansclient",
  "pk": 22,
  "fields": {
    "is_chosen": false,
    "acquired_plan": 22,
    "client": 11,
    "owner": true,
    "transfer": true,
    "share": true,
    "empower": true,
    "status": 1
  }
},
{
  "model": "api.queryplansclient",
  "pk": 23,
  "fields": {
    "is_chosen": false,
    "acquired_plan": 22,
    "client": 12,
    "owner": false,
    "transfer": false,
    "share": true,
    "empower": false,
    "status": 1
  }
},
{
  "model": "api.queryplansmanage",
  "pk": 1,
  "fields": {
    "sender": 11,
    "receiver": null,
    "email_receiver": "cliente_no_existe@mail.com",
    "acquired_plan": 22,
    "new_acquired_plan": null,
    "type_operation": 3,
    "status": 3,
    "count_queries": null
  }
},
{
  "model": "api.queryplansmanage",
  "pk": 2,
  "fields": {
    "sender": 11,
    "receiver": 12,
    "email_receiver": "cliente_extra@mail.com",
    "acquired_plan": 22,
    "new_acquired_plan": null,
    "type_operation": 3,
    "status": 1,
    "count_queries": null
  }
},
{
  "model": "api.queryplansmanage",
  "pk": 3,
  "fields": {
    "sender": 11,
    "receiver": null,
    "email_receiver": "cliente_no_existe_share@mail.com",
    "acquired_plan": 22,
    "new_acquired_plan": 23,
    "type_operation": 2,
    "status": 3,
    "count_queries": 1
  }
},
{
  "model": "api.queryplansmanage",
  "pk": 4,
  "fields": {
    "sender": 11,
    "receiver": null,
    "email_receiver": "cliente_no_existe_transfer@mail.com",
    "acquired_plan": 22,
    "new_acquired_plan": null,
    "type_operation": 1,
    "status": 3,
    "count_queries": null
  }
}
]
