[{"model": "api.countries", "pk": 1, "fields": {"name": "Peru", "code_phone": "51", "iso_code": "PE"}}, {"model": "api.department", "pk": 1, "fields": {"name": "Lima"}}, {"model": "api.province", "pk": 1, "fields": {"name": "Lima", "department": 1}}, {"model": "api.district", "pk": 1, "fields": {"name": "Surco", "province": 1}}, {"model": "api.district", "pk": 2, "fields": {"name": "Miraflores", "province": 1}}, {"model": "api.address", "pk": 1, "fields": {"street": "naaasee", "department": 1, "province": 1, "district": 1}}, {"model": "api.address", "pk": 2, "fields": {"street": "Av Carabayllo", "department": 1, "province": 1, "district": 1}}, {"model": "api.address", "pk": 3, "fields": {"street": "la orquidea", "department": 1, "province": 1, "district": 1}}, {"model": "api.address", "pk": 4, "fields": {"street": "na", "department": 1, "province": 1, "district": 1}}, {"model": "api.address", "pk": 5, "fields": {"street": "naaase", "department": 1, "province": 1, "district": 1}}, {"model": "api.zone", "pk": 1, "fields": {"name": "zona a", "districts": [1, 2]}}, {"model": "api.zone", "pk": 2, "fields": {"name": "zona b", "districts": [2]}}, {"model": "api.zone", "pk": 3, "fields": {"name": "zona c", "districts": [1]}}, {"model": "api.role", "pk": 1, "fields": {"name": "admin", "created_at": "2017-09-19T10:33:50Z", "permissions": []}}, {"model": "api.role", "pk": 2, "fields": {"name": "client", "created_at": "2017-09-19T10:33:50Z", "permissions": []}}, {"model": "api.role", "pk": 3, "fields": {"name": "specialist", "created_at": "2017-09-19T10:33:50Z", "permissions": []}}, {"model": "api.role", "pk": 4, "fields": {"name": "seller", "created_at": "2017-09-19T10:33:50Z", "permissions": []}}, {"model": "api.user", "pk": 1, "fields": {"password": "pbkdf2_sha256$36000$ZoKwG4C5uFXR$IDtDvqi2/fH+4Jw4NfiZd0JW13TJ2ARQM4FhAfWZn5g=", "last_login": "2017-10-02T22:26:08.423Z", "is_superuser": true, "username": "admin", "first_name": "seee", "last_name": "noo", "email": "1", "is_staff": true, "is_active": true, "date_joined": "2017-10-02T21:17:37.995Z", "nick": "", "email_exact": "admin@email", "telephone": "", "cellphone": "", "photo": "preview.png", "document_type": "", "document_number": "00", "ruc": null, "code": "00", "anonymous": true, "updated_at": "2017-10-02T21:17:38.226Z", "nationality": 1, "role": 1, "address": null, "groups": [], "user_permissions": []}}, {"model": "api.user", "pk": 2, "fields": {"password": "pbkdf2_sha256$36000$ofOyuT1rSXVI$XNiY+0ZFCfEC02CbzccD1zewlJcjyGHwaiapH/bbqZ4=", "last_login": "2017-10-16T19:32:41.482Z", "is_superuser": true, "username": "olopez", "first_name": "", "last_name": "", "email": "", "is_staff": true, "is_active": true, "date_joined": "2017-10-09T23:21:19.504Z", "nick": "", "email_exact": "", "telephone": "", "cellphone": "", "photo": "preview.png", "document_type": "", "document_number": "", "ruc": null, "code": "", "anonymous": true, "updated_at": "2017-10-09T23:21:19.558Z", "nationality": 1, "role": 1, "address": null, "groups": [], "user_permissions": []}}, {"model": "api.user", "pk": 3, "fields": {"password": "pbkdf2_sha256$36000$WK09MJjcRWPO$GsjH7za8WFmty5SFtCNJvEkJ5SgvZxIatHeAZNV9Vvc=", "last_login": null, "is_superuser": false, "username": "olopez3", "first_name": "Oscarr", "last_name": "Lopezz", "email": "", "is_staff": false, "is_active": true, "date_joined": "2017-10-09T23:33:16.122Z", "nick": "clientaa", "email_exact": "oscarjoselopez26@gmail.comm", "telephone": "312322", "cellphone": "+5873050599", "photo": "preview.jpg", "document_type": "1", "document_number": "5643534576766", "ruc": "1231234342352644", "code": "s564353457676", "anonymous": true, "updated_at": "2017-10-09T23:33:16.187Z", "nationality": 1, "role": 1, "address": 1, "groups": [], "user_permissions": []}}, {"model": "api.user", "pk": 4, "fields": {"password": "pbkdf2_sha256$36000$2hXpppXKuQdk$kjTSIjFGsTRSlshjpPnfcb/qeiKAV4oKXlrdlK6EKW0=", "last_login": null, "is_superuser": false, "username": "rrastete123", "first_name": "Raul", "last_name": "Astete", "email": "", "is_staff": false, "is_active": true, "date_joined": "2017-10-10T18:01:43.815Z", "nick": "raulito123", "email_exact": "raul123@hotmail.com", "telephone": "1234567", "cellphone": "123456789", "photo": "photo.png", "document_type": "1", "document_number": "1236567899", "ruc": null, "code": "c1236567899", "anonymous": true, "updated_at": "2017-10-10T18:01:44.003Z", "nationality": 1, "role": 1, "address": 2, "groups": [], "user_permissions": []}}, {"model": "api.user", "pk": 5, "fields": {"password": "pbkdf2_sha256$36000$Pawepf2q3jdU$kRPPWjQhX6TBeU0AtIG0BJdWQi4Ja9/RHqoQY2neULg=", "last_login": null, "is_superuser": false, "username": "empresa123", "first_name": "", "last_name": "", "email": "", "is_staff": false, "is_active": true, "date_joined": "2017-10-10T18:02:38.723Z", "nick": "empresita", "email_exact": "empresita123@gmail.com", "telephone": "1234567", "cellphone": "921471559", "photo": "test.jpg", "document_type": "1", "document_number": "222222222", "ruc": null, "code": "c222222222", "anonymous": true, "updated_at": "2017-10-10T18:02:38.796Z", "nationality": 1, "role": 1, "address": 3, "groups": [], "user_permissions": []}}, {"model": "api.user", "pk": 6, "fields": {"password": "pbkdf2_sha256$36000$3IhSjEmUwsfL$BP8b6hK5ybRgyxupL9vACVIAz7s0+ll86hgpQTePnYw=", "last_login": null, "is_superuser": false, "username": "Darwon", "first_name": "Testittt", "last_name": "Testitttt", "email": "", "is_staff": false, "is_active": true, "date_joined": "2017-10-10T21:58:55.688Z", "nick": "testittt", "email_exact": "darwon@gmail.com", "telephone": "1234567", "cellphone": "123456789", "photo": "photo.png", "document_type": "0", "document_number": "148529", "ruc": "123456789", "code": "c148529", "anonymous": true, "updated_at": "2017-10-10T21:58:55.771Z", "nationality": 1, "role": 1, "address": 4, "groups": [], "user_permissions": []}}, {"model": "api.user", "pk": 9, "fields": {"password": "pbkdf2_sha256$36000$ZoKwG4C5uFXR$IDtDvqi2/fH+4Jw4NfiZd0JW13TJ2ARQM4FhAfWZn5g=", "last_login": "2017-10-02T22:26:08.423Z", "is_superuser": true, "username": "admin1", "first_name": "", "last_name": "", "email": "1", "is_staff": true, "is_active": true, "date_joined": "2017-10-02T21:17:37.995Z", "nick": "", "email_exact": "admin@email1", "telephone": "", "cellphone": "", "photo": "preview.png", "document_type": "", "document_number": "001", "ruc": "", "code": "001", "anonymous": true, "updated_at": "2017-10-02T21:17:38.226Z", "nationality": 1, "role": 1, "address": null, "groups": [], "user_permissions": []}}, {"model": "api.user", "pk": 11, "fields": {"password": "pbkdf2_sha256$36000$ofOyuT1rSXVI$XNiY+0ZFCfEC02CbzccD1zewlJcjyGHwaiapH/bbqZ4=", "last_login": "2017-10-10T21:55:15.526Z", "is_superuser": true, "username": "olopez1", "first_name": "", "last_name": "", "email": "", "is_staff": true, "is_active": true, "date_joined": "2017-10-09T23:21:19.504Z", "nick": "", "email_exact": "1", "telephone": "", "cellphone": "", "photo": "preview.png", "document_type": "", "document_number": "1", "ruc": "1", "code": "1", "anonymous": true, "updated_at": "2017-10-09T23:21:19.558Z", "nationality": 1, "role": 1, "address": null, "groups": [], "user_permissions": []}}, {"model": "api.user", "pk": 12, "fields": {"password": "pbkdf2_sha256$36000$WK09MJjcRWPO$GsjH7za8WFmty5SFtCNJvEkJ5SgvZxIatHeAZNV9Vvc=", "last_login": null, "is_superuser": false, "username": "olopez31", "first_name": "Oscarr", "last_name": "Lopezz", "email": "", "is_staff": false, "is_active": true, "date_joined": "2017-10-09T23:33:16.122Z", "nick": "clientaa", "email_exact": "oscarjoselopez26@gmail.comm1", "telephone": "312322", "cellphone": "+5873050599", "photo": "preview.jpg", "document_type": "1", "document_number": "56435345767661", "ruc": "12312343423526441", "code": "s5643534576761", "anonymous": true, "updated_at": "2017-10-09T23:33:16.187Z", "nationality": 1, "role": 1, "address": 1, "groups": [], "user_permissions": []}}, {"model": "api.user", "pk": 15, "fields": {"password": "pbkdf2_sha256$36000$3IhSjEmUwsfL$BP8b6hK5ybRgyxupL9vACVIAz7s0+ll86hgpQTePnYw=", "last_login": null, "is_superuser": false, "username": "Darwon1", "first_name": "Testittt", "last_name": "Testitttt", "email": "", "is_staff": false, "is_active": true, "date_joined": "2017-10-10T21:58:55.688Z", "nick": "testittt", "email_exact": "darwon@gmail.com1", "telephone": "1234567", "cellphone": "123456789", "photo": "photo.png", "document_type": "0", "document_number": "1485291", "ruc": "1234567891", "code": "c1485291", "anonymous": true, "updated_at": "2017-10-10T21:58:55.771Z", "nationality": 1, "role": 1, "address": 4, "groups": [], "user_permissions": []}}, {"model": "api.user", "pk": 16, "fields": {"password": "pbkdf2_sha256$36000$Pawepf2q3jdU$kRPPWjQhX6TBeU0AtIG0BJdWQi4Ja9/RHqoQY2neULg=", "last_login": null, "is_superuser": false, "username": "empresa1231", "first_name": "", "last_name": "", "email": "", "is_staff": false, "is_active": true, "date_joined": "2017-10-10T18:02:38.723Z", "nick": "empresita", "email_exact": "empresita123@gmail.com1", "telephone": "1234567", "cellphone": "921471559", "photo": "test.jpg", "document_type": "1", "document_number": "2222222221", "ruc": "2", "code": "c2222222221", "anonymous": true, "updated_at": "2017-10-10T18:02:38.796Z", "nationality": 1, "role": 1, "address": 3, "groups": [], "user_permissions": []}}, {"model": "api.user", "pk": 17, "fields": {"password": "pbkdf2_sha256$36000$2hXpppXKuQdk$kjTSIjFGsTRSlshjpPnfcb/qeiKAV4oKXlrdlK6EKW0=", "last_login": null, "is_superuser": false, "username": "rrastete1231", "first_name": "Raul", "last_name": "Astete", "email": "", "is_staff": false, "is_active": true, "date_joined": "2017-10-10T18:01:43.815Z", "nick": "raulito123", "email_exact": "raul123@hotmail.com1", "telephone": "1234567", "cellphone": "123456789", "photo": "photo.png", "document_type": "1", "document_number": "12365678991", "ruc": "3", "code": "c12365678991", "anonymous": true, "updated_at": "2017-10-10T18:01:44.003Z", "nationality": 1, "role": 1, "address": 2, "groups": [], "user_permissions": []}}, {"model": "api.user", "pk": 22, "fields": {"password": "pbkdf2_sha256$36000$3IhSjEmUwsfL$BP8b6hK5ybRgyxupL9vACVIAz7s0+ll86hgpQTePnYw=", "last_login": null, "is_superuser": false, "username": "Darwon14", "first_name": "Testittt", "last_name": "Testitttt", "email": "", "is_staff": false, "is_active": true, "date_joined": "2017-10-10T21:58:55.688Z", "nick": "testittt", "email_exact": "13", "telephone": "1234567", "cellphone": "123456789", "photo": "photo.png", "document_type": "0", "document_number": "14852912", "ruc": "12345678914", "code": "c14852914", "anonymous": true, "updated_at": "2017-10-10T21:58:55.771Z", "nationality": 1, "role": 1, "address": 4, "groups": [], "user_permissions": []}}, {"model": "api.user", "pk": 27, "fields": {"password": "pbkdf2_sha256$36000$ZoKwG4C5uFXR$IDtDvqi2/fH+4Jw4NfiZd0JW13TJ2ARQM4FhAfWZn5g=", "last_login": "2017-10-02T22:26:08.423Z", "is_superuser": true, "username": "admin4", "first_name": "", "last_name": "", "email": "1", "is_staff": true, "is_active": true, "date_joined": "2017-10-02T21:17:37.995Z", "nick": "", "email_exact": "111", "telephone": "", "cellphone": "", "photo": "preview.png", "document_type": "", "document_number": "2", "ruc": "4", "code": "004", "anonymous": true, "updated_at": "2017-10-02T21:17:38.226Z", "nationality": 1, "role": 1, "address": null, "groups": [], "user_permissions": []}}, {"model": "api.user", "pk": 29, "fields": {"password": "pbkdf2_sha256$36000$WK09MJjcRWPO$GsjH7za8WFmty5SFtCNJvEkJ5SgvZxIatHeAZNV9Vvc=", "last_login": null, "is_superuser": false, "username": "olopez34", "first_name": "Oscarr", "last_name": "Lopezz", "email": "", "is_staff": false, "is_active": true, "date_joined": "2017-10-09T23:33:16.122Z", "nick": "clientaa", "email_exact": "3", "telephone": "312322", "cellphone": "+5873050599", "photo": "preview.jpg", "document_type": "1", "document_number": "56435345767662", "ruc": "12312343423526444", "code": "s5643534576764", "anonymous": true, "updated_at": "2017-10-09T23:33:16.187Z", "nationality": 1, "role": 1, "address": 1, "groups": [], "user_permissions": []}}, {"model": "api.user", "pk": 30, "fields": {"password": "pbkdf2_sha256$36000$2hXpppXKuQdk$kjTSIjFGsTRSlshjpPnfcb/qeiKAV4oKXlrdlK6EKW0=", "last_login": null, "is_superuser": false, "username": "rrastete1234", "first_name": "Raul", "last_name": "Astete", "email": "", "is_staff": false, "is_active": true, "date_joined": "2017-10-10T18:01:43.815Z", "nick": "raulito123", "email_exact": "4", "telephone": "1234567", "cellphone": "123456789", "photo": "photo.png", "document_type": "1", "document_number": "12365678992", "ruc": "444", "code": "c12365678994", "anonymous": true, "updated_at": "2017-10-10T18:01:44.003Z", "nationality": 1, "role": 1, "address": 2, "groups": [], "user_permissions": []}}, {"model": "api.user", "pk": 31, "fields": {"password": "pbkdf2_sha256$36000$Pawepf2q3jdU$kRPPWjQhX6TBeU0AtIG0BJdWQi4Ja9/RHqoQY2neULg=", "last_login": null, "is_superuser": false, "username": "empresa1234", "first_name": "", "last_name": "", "email": "", "is_staff": false, "is_active": true, "date_joined": "2017-10-10T18:02:38.723Z", "nick": "empresita", "email_exact": "5", "telephone": "1234567", "cellphone": "921471559", "photo": "test.jpg", "document_type": "1", "document_number": "2222222222", "ruc": "4444", "code": "c2222222224", "anonymous": true, "updated_at": "2017-10-10T18:02:38.796Z", "nationality": 1, "role": 1, "address": 3, "groups": [], "user_permissions": []}}, {"model": "api.user", "pk": 32, "fields": {"password": "pbkdf2_sha256$36000$3IhSjEmUwsfL$BP8b6hK5ybRgyxupL9vACVIAz7s0+ll86hgpQTePnYw=", "last_login": null, "is_superuser": false, "username": "Darwon4", "first_name": "Testittt", "last_name": "Testitttt", "email": "", "is_staff": false, "is_active": true, "date_joined": "2017-10-10T21:58:55.688Z", "nick": "testittt", "email_exact": "oscarjoselopez26@gmail.com3232", "telephone": "1234567", "cellphone": "123456789", "photo": "preview.jpg", "document_type": "0", "document_number": "1485292", "ruc": "1234567894", "code": "c1485294", "anonymous": true, "updated_at": "2017-10-10T21:58:55.771Z", "nationality": 1, "role": 1, "address": 4, "groups": [], "user_permissions": []}}, {"model": "api.user", "pk": 33, "fields": {"password": "pbkdf2_sha256$36000$ZoKwG4C5uFXR$IDtDvqi2/fH+4Jw4NfiZd0JW13TJ2ARQM4FhAfWZn5g=", "last_login": "2017-10-02T22:26:08.423Z", "is_superuser": true, "username": "admin14", "first_name": "", "last_name": "", "email": "1", "is_staff": true, "is_active": true, "date_joined": "2017-10-02T21:17:37.995Z", "nick": "", "email_exact": "7", "telephone": "", "cellphone": "", "photo": "preview.png", "document_type": "", "document_number": "0012", "ruc": "44444", "code": "4444", "anonymous": true, "updated_at": "2017-10-02T21:17:38.226Z", "nationality": 1, "role": 1, "address": null, "groups": [], "user_permissions": []}}, {"model": "api.user", "pk": 34, "fields": {"password": "pbkdf2_sha256$36000$ofOyuT1rSXVI$XNiY+0ZFCfEC02CbzccD1zewlJcjyGHwaiapH/bbqZ4=", "last_login": "2017-10-10T21:55:15.526Z", "is_superuser": true, "username": "olopez14", "first_name": "", "last_name": "", "email": "", "is_staff": true, "is_active": true, "date_joined": "2017-10-09T23:21:19.504Z", "nick": "", "email_exact": "8", "telephone": "", "cellphone": "", "photo": "preview.png", "document_type": "", "document_number": "22", "ruc": "14", "code": "44", "anonymous": true, "updated_at": "2017-10-09T23:21:19.558Z", "nationality": 1, "role": 1, "address": null, "groups": [], "user_permissions": []}}, {"model": "api.user", "pk": 35, "fields": {"password": "pbkdf2_sha256$36000$WK09MJjcRWPO$GsjH7za8WFmty5SFtCNJvEkJ5SgvZxIatHeAZNV9Vvc=", "last_login": null, "is_superuser": false, "username": "olopez314", "first_name": "Oscarr", "last_name": "Lopezz", "email": "", "is_staff": false, "is_active": true, "date_joined": "2017-10-09T23:33:16.122Z", "nick": "clientaa", "email_exact": "9", "telephone": "312322", "cellphone": "+5873050599", "photo": "preview.jpg", "document_type": "1", "document_number": "564353457676612", "ruc": "123123434235264414", "code": "s56435345767614", "anonymous": true, "updated_at": "2017-10-09T23:33:16.187Z", "nationality": 1, "role": 1, "address": 1, "groups": [], "user_permissions": []}}, {"model": "api.user", "pk": 36, "fields": {"password": "pbkdf2_sha256$36000$2hXpppXKuQdk$kjTSIjFGsTRSlshjpPnfcb/qeiKAV4oKXlrdlK6EKW0=", "last_login": null, "is_superuser": false, "username": "rrastete12314", "first_name": "Raul", "last_name": "Astete", "email": "", "is_staff": false, "is_active": true, "date_joined": "2017-10-10T18:01:43.815Z", "nick": "raulito123", "email_exact": "11", "telephone": "1234567", "cellphone": "123456789", "photo": "photo.png", "document_type": "1", "document_number": "123656789912", "ruc": "34", "code": "c123656789914", "anonymous": true, "updated_at": "2017-10-10T18:01:44.003Z", "nationality": 1, "role": 1, "address": 2, "groups": [], "user_permissions": []}}, {"model": "api.user", "pk": 37, "fields": {"password": "pbkdf2_sha256$36000$Pawepf2q3jdU$kRPPWjQhX6TBeU0AtIG0BJdWQi4Ja9/RHqoQY2neULg=", "last_login": null, "is_superuser": false, "username": "empresa12314", "first_name": "", "last_name": "", "email": "", "is_staff": false, "is_active": true, "date_joined": "2017-10-10T18:02:38.723Z", "nick": "empresita", "email_exact": "12", "telephone": "1234567", "cellphone": "921471559", "photo": "test.jpg", "document_type": "1", "document_number": "22222222212", "ruc": "24", "code": "c22222222214", "anonymous": true, "updated_at": "2017-10-10T18:02:38.796Z", "nationality": 1, "role": 1, "address": 3, "groups": [], "user_permissions": []}}, {"model": "api.user", "pk": 40, "fields": {"password": "pbkdf2_sha256$36000$ofOyuT1rSXVI$XNiY+0ZFCfEC02CbzccD1zewlJcjyGHwaiapH/bbqZ4=", "last_login": "2017-10-10T21:55:15.526Z", "is_superuser": true, "username": "olopez4", "first_name": "", "last_name": "", "email": "", "is_staff": true, "is_active": true, "date_joined": "2017-10-09T23:21:19.504Z", "nick": "", "email_exact": "2", "telephone": "", "cellphone": "", "photo": "preview.png", "document_type": "", "document_number": "24444", "ruc": "4444444444", "code": "4", "anonymous": true, "updated_at": "2017-10-09T23:21:19.558Z", "nationality": 1, "role": 1, "address": null, "groups": [], "user_permissions": []}}, {"model": "api.user", "pk": 43, "fields": {"password": "sop15tec3", "last_login": null, "is_superuser": false, "username": "olopezasdasd12", "first_name": "Oscar", "last_name": "Lopez", "email": "", "is_staff": false, "is_active": true, "date_joined": "2017-10-16T22:55:06.178Z", "nick": "oki123 no fake1212", "email_exact": "oscarjoselopez26@gmail.com21sasd", "telephone": "31232", "cellphone": "1312323", "photo": "preview.png", "document_type": "0", "document_number": "42342423t45235", "ruc": "52352352e23432323", "code": "2445324234", "anonymous": true, "updated_at": "2017-10-16T22:55:06.186Z", "nationality": 1, "role": 1, "address": 2, "groups": [], "user_permissions": []}}, {"model": "api.user", "pk": 44, "fields": {"password": "123456", "last_login": null, "is_superuser": false, "username": "olopezTestPrimer", "first_name": "oscar", "last_name": "lopez", "email": "", "is_staff": false, "is_active": true, "date_joined": "2017-10-16T23:14:37.624Z", "nick": "whatever", "email_exact": "mai@mail.scom", "telephone": "55443254", "cellphone": "32534323134325", "photo": "preview.png", "document_type": "0", "document_number": "3143254325", "ruc": "132514325323", "code": "23245445235", "anonymous": true, "updated_at": "2017-10-16T23:14:37.643Z", "nationality": 1, "role": 1, "address": 1, "groups": [], "user_permissions": []}}, {"model": "api.user", "pk": 45, "fields": {"password": "pbkdf2_sha256$36000$0UgD2PyP0gRB$a8xn1hP2yQC2Krbaa45ykiOiFYKTuJmCfLjS9y8Jjao=", "last_login": null, "is_superuser": false, "username": "olopez214325", "first_name": "Olopez", "last_name": "Developer", "email": "", "is_staff": false, "is_active": true, "date_joined": "2017-10-19T21:46:27.389Z", "nick": "soyelElegido", "email_exact": "mail@cccon.com", "telephone": "2132544", "cellphone": "42543435", "photo": "preview.png", "document_type": "0", "document_number": "9848283438498", "ruc": "8949812989823", "code": "s9848283438498", "anonymous": true, "updated_at": "2017-10-19T21:46:27.466Z", "nationality": 1, "role": 1, "address": 5, "groups": [], "user_permissions": []}}, {"model": "api.seller", "pk": 43, "fields": {"cv": null, "monthly_promotional_plans": null, "count_month_promotional": null, "count_month_plans": null, "count_month_contacts": null, "zone": 1, "groups": [], "user_permissions": []}}, {"model": "api.seller", "pk": 44, "fields": {"cv": null, "monthly_promotional_plans": null, "count_month_promotional": null, "count_month_plans": null, "count_month_contacts": null, "zone": 2, "groups": [], "user_permissions": []}}, {"model": "api.profession", "pk": 1, "fields": {"name": "Programmer"}}, {"model": "api.commercialgroup", "pk": 1, "fields": {"name": "Technologies"}}, {"model": "api.commercialgroup", "pk": 2, "fields": {"name": "Agriculture"}}, {"model": "api.economicsector", "pk": 1, "fields": {"name": "Primary"}}, {"model": "api.economicsector", "pk": 2, "fields": {"name": "Secondary"}}, {"model": "api.levelinstruction", "pk": 1, "fields": {"name": "College Concluded"}}, {"model": "api.client", "pk": 4, "fields": {"type_client": "n", "sex": "m", "civil_state": "s", "birthdate": "2017-08-28", "ciiu": "1234", "activity_description": "Lorem ipsum", "institute": "TECSUP", "ocupation": "i", "about": "Lorem ipsum", "business_name": null, "agent_firstname": null, "agent_lastname": null, "position": null, "profession": 1, "commercial_group": null, "economic_sector": null, "level_instruction": null, "seller_asigned": null, "groups": [], "user_permissions": []}}, {"model": "api.client", "pk": 5, "fields": {"type_client": "b", "sex": "", "civil_state": "", "birthdate": "1900-01-01", "ciiu": "1240", "activity_description": "computers and programs", "institute": null, "ocupation": "", "about": "iptsum aabout", "business_name": "Empresa", "agent_firstname": "Daniel", "agent_lastname": "Molina", "position": "manager", "profession": null, "commercial_group": 1, "economic_sector": 1, "level_instruction": null, "seller_asigned": null, "groups": [], "user_permissions": []}}, {"model": "api.client", "pk": 6, "fields": {"type_client": "n", "sex": "m", "civil_state": "s", "birthdate": "2017-09-10", "ciiu": "1234", "activity_description": "Lorem ipsum", "institute": "Tecsup", "ocupation": "i", "about": "Lorem ipsum", "business_name": null, "agent_firstname": null, "agent_lastname": null, "position": "Manager", "profession": 1, "commercial_group": null, "economic_sector": null, "level_instruction": 1, "seller_asigned": null, "groups": [], "user_permissions": []}}, {"model": "api.category", "pk": 1, "fields": {"name": "Agroindustria", "image": "agro.png", "description": "actividad economica que comprende la produccion industrializacion y comercializaci\u00f3n de productos agropecuarios forestales y otros recursos naturales biol\u00f3gicos.", "payment_per_answer": 1.0}}, {"model": "api.category", "pk": 2, "fields": {"name": "Alimentaria", "image": "alimentos.png", "description": "es la parte de la industria que se encarga de todos los procesos relacionados con la cadena alimentaria. ", "payment_per_answer": 1.0}}, {"model": "api.category", "pk": 3, "fields": {"name": "Automatizacion", "image": "automate.png", "description": "uso de sistemas o elementos computarizadosy electromec\u00e1nicos para controlar maquinarias o procesos industriales", "payment_per_answer": 1.0}}, {"model": "api.category", "pk": 4, "fields": {"name": "Impuestos", "image": "tax.png", "description": "Lorem ipsum dolor sit amet, consetetur sadipscing elitr, sed diam nonumy eirmod tempor invidunt ut labore et dolore magna aliquyam erat, sed diam voluptuas", "payment_per_answer": 1.0}}, {"model": "api.category", "pk": 5, "fields": {"name": "Contabilidad", "image": "accounting.png", "description": "Lorem ipsum dolor sit amet, consetetur", "payment_per_answer": 1.0}}, {"model": "api.category", "pk": 6, "fields": {"name": "Derecho Tributario", "image": "tribute.png", "description": "Lorem ipsum dolor sit amet, consetetur", "payment_per_answer": 1.0}}, {"model": "api.category", "pk": 7, "fields": {"name": "Finanzas", "image": "finance.png", "description": "Lorem ipsum dolor sit amet, consetetur", "payment_per_answer": 1.0}}, {"model": "api.category", "pk": 8, "fields": {"name": "Seguros", "image": "assurance.png", "description": "Lorem ipsum dolor sit amet, consetetur sadipscing elitr, sed diam nonumy eirmod tempor invidunt ut labore et dolore magna aliquyam erat, sed diam voluptuas", "payment_per_answer": 1.0}}, {"model": "api.category", "pk": 9, "fields": {"name": "Derecho Corporativo", "image": "lawcorporative.png", "description": "Lorem ipsum dolor sit amet, consetetur sadipscing elitr, sed diam nonumy eirmod tempor invidunt ut labore et dolore magna aliquyam erat, sed diam voluptuas", "payment_per_answer": 1.0}}, {"model": "api.category", "pk": 10, "fields": {"name": "Comercio Exterior", "image": "foreign_trade.png", "description": "Lorem ipsum dolor sit amet, consetetur adipscing elitr, sed diam nonumy eirmod tempor invidunt ut labore et dolore magna aliquyam erat, sed diam voluptuas", "payment_per_answer": 1.0}}, {"model": "api.category", "pk": 11, "fields": {"name": "Tecnologia de la Informaci\u00f3n", "image": "tic.png", "description": "Lorem ipsum dolor sit amet, consetetur ut labore et dolore magna aliquyam erat, sed diam voluptuas", "payment_per_answer": 1.0}}, {"model": "api.category", "pk": 12, "fields": {"name": "Propiedad Intelectual", "image": "copyright.png", "description": "Lorem ipsum dolor sit amet, consete sadipscing elitr, sed diam nonumy eirmod tempor invidunt ut labore et dolore magna aliquyam erat, sed diam voluptuas", "payment_per_answer": 1.0}}, {"model": "api.category", "pk": 13, "fields": {"name": "Publicidad", "image": "advertising.png", "description": "Lorem ipsum dolor sit amet, consetetut labore et dolore magna aliquyam erat, sed diam voluptuas", "payment_per_answer": 1.0}}, {"model": "api.category", "pk": 14, "fields": {"name": "Piscologia Organizacional", "image": "psichology.png", "description": "Lorem ipsum dolor sit amet, conseteturidunt ptuas", "payment_per_answer": 1.0}}, {"model": "api.category", "pk": 15, "fields": {"name": "Contrataciones con el Estado", "image": "state_contracts.png", "description": "Lorem ipsum dolor sit amet, consetetur sadipscing elitr, sed diam nonumy eirmod tempor invidunttuas", "payment_per_answer": 1.0}}, {"model": "api.category", "pk": 16, "fields": {"name": "Marketing", "image": "marketing.png", "description": "Lorem ipsum dolor sit amet, consetetur ut labore et dolore magna aliquyam erat, sed diam voluptuas", "payment_per_answer": 1.0}}, {"model": "api.category", "pk": 17, "fields": {"name": "Mecanica", "image": "mechanics.png", "description": "Lorem ipsum dolor sit amet, consetetur nt tuas", "payment_per_answer": 1.0}}, {"model": "api.category", "pk": 18, "fields": {"name": "Derecho Notarial y Registral", "image": "notarylaw.png", "description": "Lorem ipsum dolor sit amet, consetetur ut labore et dolore magna aliquyam erat, sed diam voluptuas", "payment_per_answer": 1.0}}, {"model": "api.category", "pk": 19, "fields": {"name": "Gestion de Proyectos", "image": "projects.png", "description": "Lorem ipsum dolor sit amet, conseteturnt ut labore et dolore magna aliquyam erat, sed diam voluptuas", "payment_per_answer": 1.0}}, {"model": "api.category", "pk": 20, "fields": {"name": "Electricidad", "image": "electricity.png", "description": "Lorem ipsum dolor sit amet, consetetur sadipscing elitr, sed diam nonumy eirmod tempor invidutuas", "payment_per_answer": 1.0}}, {"model": "api.category", "pk": 21, "fields": {"name": "Derecho Procesal Civil", "image": "procedural_law.png", "description": "Lorem ipsum dolor sit amet, consetetur sadipscing elitr, sed diam nonumy eirmod tempor invidunptuas", "payment_per_answer": 1.0}}, {"model": "api.category", "pk": 22, "fields": {"name": "Electronica", "image": "electronics.png", "description": "Lorem ipsum dolor sit amet, consetetur sadipscing elitr, sed diam nonumy eirmod tempor invidunut labore et dolore magna aliquyam erat, sed diam voluptuas", "payment_per_answer": 1.0}}, {"model": "api.category", "pk": 23, "fields": {"name": "Derecho Penal", "image": "criminal_law.png", "description": "Lorem ipsum dolor sit amet, conseteturnt ut labore et dolore magna aliquyam erat, sed diam voluptuas", "payment_per_answer": 1.0}}, {"model": "api.category", "pk": 24, "fields": {"name": "Derecho Laboral", "image": "labor_law.png", "description": "Lorem ipsum dolor sit amet, consetetur ut labore et dolore magna aliquyam erat, sed diam voluptuas", "payment_per_answer": 1.0}}, {"model": "api.category", "pk": 25, "fields": {"name": "Gastronomia", "image": "gastronomy.png", "description": "Lorem ipsum dolor sit amet, consetetur sadipscing elitr, sed diam nonumy eirmod tempor inviduntut labore et dolore magna aliquyam erat, sed diam voluptuas", "payment_per_answer": 1.0}}, {"model": "api.category", "pk": 26, "fields": {"name": "Plasticos", "image": "plastic.png", "description": "Lorem ipsum dolor sit amet, consetetur sadipscing elitr, sed diam nonumy eirmod tempor invidunttuas", "payment_per_answer": 1.0}}, {"model": "api.category", "pk": 27, "fields": {"name": "Derecho Minero", "image": "mining_law.png", "description": "Lorem ipsum dolor sit amet, consetetur sadipscing elitr, sed diam nonumy eirmod tempor invidunt ut labore et dolore magna aliquyam erat, sed diam voluptuas", "payment_per_answer": 1.0}}, {"model": "api.specialist", "pk": 1, "fields": {"business_name": "alpanett", "type_specialist": "m", "star_rating": null, "cv": "", "payment_per_answer": 3.0, "category": 18, "groups": [], "user_permissions": []}}, {"model": "api.specialist", "pk": 2, "fields": {"business_name": "alpanett", "type_specialist": "m", "star_rating": null, "cv": "", "payment_per_answer": 3.0, "category": 18, "groups": [], "user_permissions": []}}, {"model": "api.specialist", "pk": 3, "fields": {"business_name": "alpanett", "type_specialist": "m", "star_rating": null, "cv": null, "payment_per_answer": 3.0, "category": 18, "groups": [], "user_permissions": []}}, {"model": "api.specialist", "pk": 4, "fields": {"business_name": "alpanett", "type_specialist": "m", "star_rating": null, "cv": "", "payment_per_answer": 3.0, "category": 18, "groups": [], "user_permissions": []}}, {"model": "api.specialist", "pk": 5, "fields": {"business_name": "alpanett", "type_specialist": "m", "star_rating": null, "cv": "", "payment_per_answer": 3.0, "category": 18, "groups": [], "user_permissions": []}}, {"model": "api.specialist", "pk": 6, "fields": {"business_name": "alpanett", "type_specialist": "m", "star_rating": null, "cv": "", "payment_per_answer": 3.0, "category": 18, "groups": [], "user_permissions": []}}, {"model": "api.specialist", "pk": 9, "fields": {"business_name": "alpanett", "type_specialist": "m", "star_rating": null, "cv": "", "payment_per_answer": 3.0, "category": 18, "groups": [], "user_permissions": []}}, {"model": "api.specialist", "pk": 11, "fields": {"business_name": "alpanett", "type_specialist": "m", "star_rating": null, "cv": "", "payment_per_answer": 3.0, "category": 18, "groups": [], "user_permissions": []}}, {"model": "api.specialist", "pk": 12, "fields": {"business_name": "alpanett", "type_specialist": "m", "star_rating": null, "cv": "", "payment_per_answer": 3.0, "category": 18, "groups": [], "user_permissions": []}}, {"model": "api.specialist", "pk": 15, "fields": {"business_name": "alpanett", "type_specialist": "m", "star_rating": null, "cv": "", "payment_per_answer": 3.0, "category": 18, "groups": [], "user_permissions": []}}, {"model": "api.specialist", "pk": 16, "fields": {"business_name": "alpanett", "type_specialist": "m", "star_rating": null, "cv": "", "payment_per_answer": 3.0, "category": 18, "groups": [], "user_permissions": []}}, {"model": "api.specialist", "pk": 17, "fields": {"business_name": "alpanett", "type_specialist": "m", "star_rating": null, "cv": "", "payment_per_answer": 3.0, "category": 18, "groups": [], "user_permissions": []}}, {"model": "api.specialist", "pk": 22, "fields": {"business_name": "alpanett", "type_specialist": "m", "star_rating": null, "cv": "", "payment_per_answer": 3.0, "category": 18, "groups": [], "user_permissions": []}}, {"model": "api.specialist", "pk": 27, "fields": {"business_name": "alpanett", "type_specialist": "m", "star_rating": null, "cv": "", "payment_per_answer": 3.0, "category": 18, "groups": [], "user_permissions": []}}, {"model": "api.specialist", "pk": 29, "fields": {"business_name": "alpanett", "type_specialist": "m", "star_rating": null, "cv": "", "payment_per_answer": 3.0, "category": 18, "groups": [], "user_permissions": []}}, {"model": "api.specialist", "pk": 30, "fields": {"business_name": "alpanett", "type_specialist": "m", "star_rating": null, "cv": "", "payment_per_answer": 3.0, "category": 18, "groups": [], "user_permissions": []}}, {"model": "api.specialist", "pk": 31, "fields": {"business_name": "alpanett", "type_specialist": "m", "star_rating": null, "cv": "", "payment_per_answer": 3.0, "category": 18, "groups": [], "user_permissions": []}}, {"model": "api.specialist", "pk": 32, "fields": {"business_name": "alpanett", "type_specialist": "m", "star_rating": null, "cv": "", "payment_per_answer": 3.0, "category": 18, "groups": [], "user_permissions": []}}, {"model": "api.specialist", "pk": 33, "fields": {"business_name": "alpanett", "type_specialist": "m", "star_rating": null, "cv": "", "payment_per_answer": 3.0, "category": 18, "groups": [], "user_permissions": []}}, {"model": "api.specialist", "pk": 34, "fields": {"business_name": "alpanett", "type_specialist": "m", "star_rating": null, "cv": "", "payment_per_answer": 3.0, "category": 18, "groups": [], "user_permissions": []}}, {"model": "api.specialist", "pk": 35, "fields": {"business_name": "alpanett", "type_specialist": "m", "star_rating": null, "cv": "", "payment_per_answer": 3.0, "category": 18, "groups": [], "user_permissions": []}}, {"model": "api.specialist", "pk": 37, "fields": {"business_name": "alpanett", "type_specialist": "m", "star_rating": null, "cv": "", "payment_per_answer": 3.0, "category": 18, "groups": [], "user_permissions": []}}, {"model": "api.specialist", "pk": 40, "fields": {"business_name": "alpanett", "type_specialist": "m", "star_rating": null, "cv": "", "payment_per_answer": 3.0, "category": 18, "groups": [], "user_permissions": []}}, {"model": "api.specialist", "pk": 45, "fields": {"business_name": "alpanett", "type_specialist": "m", "star_rating": null, "cv": null, "payment_per_answer": 3.0, "category": 2, "groups": [], "user_permissions": []}}, {"model": "api.plan", "pk": 1, "fields": {"name": "maxi", "created_at": "2017-10-17T14:55:05Z"}}, {"model": "api.purchase", "pk": 1, "fields": {"total_amount": 1.0, "reference_number": "1", "fee_number": 1, "latitude": "1", "longitude": "1", "query_available": 1, "is_promotional": true, "last_number_fee_paid": 1, "status": "1", "expiration_date": "2017-10-25", "created_at": "2017-10-25T14:56:07Z", "promotion": null, "seller": 43, "client": 4}}, {"model": "api.purchase", "pk": 2, "fields": {"total_amount": 1.0, "reference_number": "1", "fee_number": 1, "latitude": "1", "longitude": "1", "query_available": 1, "is_promotional": true, "last_number_fee_paid": 1, "status": "1", "expiration_date": "2017-10-25", "created_at": "2017-10-25T14:56:07Z", "promotion": null, "seller": 44, "client": 4}}, {"model": "api.purchase", "pk": 3, "fields": {"total_amount": 1.0, "reference_number": "1", "fee_number": 1, "latitude": "1", "longitude": "1", "query_available": 1, "is_promotional": true, "last_number_fee_paid": 1, "status": "1", "expiration_date": "2017-10-25", "created_at": "2017-10-25T14:56:07Z", "promotion": null, "seller": 43, "client": 4}}, {"model": "api.product", "pk": 2, "fields": {"name": "test", "query_amount": 12, "expiration_number": 1, "price": 11.0, "is_active": true, "created_at": "2017-10-17T14:54:37Z", "plan": 1, "purchases": [1]}}, {"model": "api.product", "pk": 3, "fields": {"name": "test", "query_amount": 13, "expiration_number": 1, "price": 11.0, "is_active": true, "created_at": "2017-10-17T14:54:37Z", "plan": 1, "purchases": [2]}}, {"model": "api.product", "pk": 4, "fields": {"name": "test", "query_amount": 14, "expiration_number": 1, "price": 11.0, "is_active": true, "created_at": "2017-10-17T14:54:37Z", "plan": 1, "purchases": [3]}}, {"model": "api.quota", "pk": 1, "fields": {"value": 50, "date": "2017-09-01"}}, {"model": "api.quota", "pk": 2, "fields": {"value": 5, "date": "2017-10-01"}}, {"model": "api.parameter", "pk": 1, "fields": {"parameter": "time_delay_response", "value": "24"}}]