[
{
  "model": "api.countries",
  "pk": 1,
  "fields": {
    "name": "Peru",
    "code_phone": "51",
    "iso_code": "PE"
  }
},
{
  "model": "api.district",
  "pk": 1,
  "fields": {
    "name": "Surco",
    "province": 1
  }
},
{
  "model": "api.district",
  "pk": 2,
  "fields": {
    "name": "Miraflores",
    "province": 1
  }
},
{
  "model": "api.province",
  "pk": 1,
  "fields": {
    "name": "Lima",
    "department": 1
  }
},
{
  "model": "api.department",
  "pk": 1,
  "fields": {
    "name": "Lima"
  }
},
{
  "model": "api.address",
  "pk": 1,
  "fields": {
    "street": "naaasee",
    "department": 1,
    "province": 1,
    "district": 1
  }
},
{
  "model": "api.address",
  "pk": 2,
  "fields": {
    "street": "Av Carabayllo",
    "department": 1,
    "province": 1,
    "district": 1
  }
},
{
  "model": "api.address",
  "pk": 3,
  "fields": {
    "street": "la orquidea",
    "department": 1,
    "province": 1,
    "district": 1
  }
},
{
  "model": "api.address",
  "pk": 4,
  "fields": {
    "street": "na",
    "department": 1,
    "province": 1,
    "district": 1
  }
},
{
  "model": "api.address",
  "pk": 5,
  "fields": {
    "street": "naaase",
    "department": 1,
    "province": 1,
    "district": 1
  }
},
{
  "model": "api.zone",
  "pk": 1,
  "fields": {
    "name": "zona a",
    "districts": [
      1,
      2
    ]
  }
},
{
  "model": "api.zone",
  "pk": 2,
  "fields": {
    "name": "zona b",
    "districts": [
      2
    ]
  }
},
{
  "model": "api.zone",
  "pk": 3,
  "fields": {
    "name": "zona c",
    "districts": [
      1
    ]
  }
},
{
  "model": "api.role",
  "pk": 1,
  "fields": {
    "name": "admin",
    "created_at": "2017-09-19T10:33:50Z",
    "permissions": []
  }
},
{
  "model": "api.role",
  "pk": 2,
  "fields": {
    "name": "client",
    "created_at": "2017-09-19T10:33:50Z",
    "permissions": []
  }
},
{
  "model": "api.role",
  "pk": 3,
  "fields": {
    "name": "specialist",
    "created_at": "2017-09-19T10:33:50Z",
    "permissions": []
  }
},
{
  "model": "api.role",
  "pk": 4,
  "fields": {
    "name": "seller",
    "created_at": "2017-09-19T10:33:50Z",
    "permissions": []
  }
},
{
  "model": "api.user",
  "pk": 1,
  "fields": {
    "password": "pbkdf2_sha256$36000$ZoKwG4C5uFXR$IDtDvqi2/fH+4Jw4NfiZd0JW13TJ2ARQM4FhAfWZn5g=",
    "last_login": "2017-10-23T22:26:06.661Z",
    "is_superuser": true,
    "username": "admin",
    "first_name": "seee",
    "last_name": "noo",
    "email": "1",
    "is_staff": true,
    "is_active": true,
    "date_joined": "2017-10-02T21:17:37.995Z",
    "nick": "",
    "email_exact": "admin@email",
    "telephone": "",
    "cellphone": "",
    "photo": "preview.png",
    "document_type": "",
    "document_number": "00",
    "ruc": null,
    "code": "00",
    "anonymous": true,
    "updated_at": "2017-10-02T21:17:38.226Z",
    "nationality": 1,
    "role": 1,
    "address": null,
    "groups": [],
    "user_permissions": []
  }
},
{
  "model": "api.user",
  "pk": 2,
  "fields": {
    "password": "pbkdf2_sha256$36000$ofOyuT1rSXVI$XNiY+0ZFCfEC02CbzccD1zewlJcjyGHwaiapH/bbqZ4=",
    "last_login": "2017-10-16T19:32:41.482Z",
    "is_superuser": true,
    "username": "olopez",
    "first_name": "",
    "last_name": "",
    "email": "",
    "is_staff": true,
    "is_active": true,
    "date_joined": "2017-10-09T23:21:19.504Z",
    "nick": "",
    "email_exact": "",
    "telephone": "",
    "cellphone": "",
    "photo": "preview.png",
    "document_type": "",
    "document_number": "",
    "ruc": null,
    "code": "",
    "anonymous": true,
    "updated_at": "2017-10-09T23:21:19.558Z",
    "nationality": 1,
    "role": 1,
    "address": null,
    "groups": [],
    "user_permissions": []
  }
},
{
  "model": "api.user",
  "pk": 3,
  "fields": {
    "password": "pbkdf2_sha256$36000$WK09MJjcRWPO$GsjH7za8WFmty5SFtCNJvEkJ5SgvZxIatHeAZNV9Vvc=",
    "last_login": null,
    "is_superuser": false,
    "username": "olopez3",
    "first_name": "Oscarr",
    "last_name": "Lopezz",
    "email": "",
    "is_staff": false,
    "is_active": true,
    "date_joined": "2017-10-09T23:33:16.122Z",
    "nick": "clientaa",
    "email_exact": "oscarjoselopez26@gmail.comm",
    "telephone": "312322",
    "cellphone": "+5873050599",
    "photo": "preview.jpg",
    "document_type": "1",
    "document_number": "5643534576766",
    "ruc": "1231234342352644",
    "code": "s564353457676",
    "anonymous": true,
    "updated_at": "2017-10-09T23:33:16.187Z",
    "nationality": 1,
    "role": 1,
    "address": 1,
    "groups": [],
    "user_permissions": []
  }
},
{
  "model": "api.user",
  "pk": 4,
  "fields": {
    "password": "pbkdf2_sha256$36000$2hXpppXKuQdk$kjTSIjFGsTRSlshjpPnfcb/qeiKAV4oKXlrdlK6EKW0=",
    "last_login": null,
    "is_superuser": false,
    "username": "rrastete123",
    "first_name": "Raul",
    "last_name": "Astete",
    "email": "",
    "is_staff": false,
    "is_active": true,
    "date_joined": "2017-10-10T18:01:43.815Z",
    "nick": "raulito123",
    "email_exact": "raul123@hotmail.com",
    "telephone": "1234567",
    "cellphone": "123456789",
    "photo": "photo.png",
    "document_type": "1",
    "document_number": "1236567899",
    "ruc": null,
    "code": "c1236567899",
    "anonymous": true,
    "updated_at": "2017-10-10T18:01:44.003Z",
    "nationality": 1,
    "role": 1,
    "address": 2,
    "groups": [],
    "user_permissions": []
  }
},
{
  "model": "api.user",
  "pk": 5,
  "fields": {
    "password": "pbkdf2_sha256$36000$Pawepf2q3jdU$kRPPWjQhX6TBeU0AtIG0BJdWQi4Ja9/RHqoQY2neULg=",
    "last_login": null,
    "is_superuser": false,
    "username": "empresa123",
    "first_name": "",
    "last_name": "",
    "email": "",
    "is_staff": false,
    "is_active": true,
    "date_joined": "2017-10-10T18:02:38.723Z",
    "nick": "empresita",
    "email_exact": "empresita123@gmail.com",
    "telephone": "1234567",
    "cellphone": "921471559",
    "photo": "test.jpg",
    "document_type": "1",
    "document_number": "222222222",
    "ruc": null,
    "code": "c222222222",
    "anonymous": true,
    "updated_at": "2017-10-10T18:02:38.796Z",
    "nationality": 1,
    "role": 1,
    "address": 3,
    "groups": [],
    "user_permissions": []
  }
},
{
  "model": "api.user",
  "pk": 6,
  "fields": {
    "password": "pbkdf2_sha256$36000$3IhSjEmUwsfL$BP8b6hK5ybRgyxupL9vACVIAz7s0+ll86hgpQTePnYw=",
    "last_login": null,
    "is_superuser": false,
    "username": "Darwon",
    "first_name": "Testittt",
    "last_name": "Testitttt",
    "email": "",
    "is_staff": false,
    "is_active": true,
    "date_joined": "2017-10-10T21:58:55.688Z",
    "nick": "testittt",
    "email_exact": "darwon@gmail.com",
    "telephone": "1234567",
    "cellphone": "123456789",
    "photo": "photo.png",
    "document_type": "0",
    "document_number": "148529",
    "ruc": "123456789",
    "code": "c148529",
    "anonymous": true,
    "updated_at": "2017-10-10T21:58:55.771Z",
    "nationality": 1,
    "role": 1,
    "address": 4,
    "groups": [],
    "user_permissions": []
  }
},
{
  "model": "api.user",
  "pk": 9,
  "fields": {
    "password": "pbkdf2_sha256$36000$ZoKwG4C5uFXR$IDtDvqi2/fH+4Jw4NfiZd0JW13TJ2ARQM4FhAfWZn5g=",
    "last_login": "2017-10-02T22:26:08.423Z",
    "is_superuser": true,
    "username": "admin1",
    "first_name": "",
    "last_name": "",
    "email": "1",
    "is_staff": true,
    "is_active": true,
    "date_joined": "2017-10-02T21:17:37.995Z",
    "nick": "",
    "email_exact": "admin@email1",
    "telephone": "",
    "cellphone": "",
    "photo": "preview.png",
    "document_type": "",
    "document_number": "001",
    "ruc": "",
    "code": "001",
    "anonymous": true,
    "updated_at": "2017-10-02T21:17:38.226Z",
    "nationality": 1,
    "role": 1,
    "address": null,
    "groups": [],
    "user_permissions": []
  }
},
{
  "model": "api.user",
  "pk": 11,
  "fields": {
    "password": "pbkdf2_sha256$36000$ofOyuT1rSXVI$XNiY+0ZFCfEC02CbzccD1zewlJcjyGHwaiapH/bbqZ4=",
    "last_login": "2017-10-10T21:55:15.526Z",
    "is_superuser": true,
    "username": "olopez1",
    "first_name": "",
    "last_name": "",
    "email": "",
    "is_staff": true,
    "is_active": true,
    "date_joined": "2017-10-09T23:21:19.504Z",
    "nick": "",
    "email_exact": "1",
    "telephone": "",
    "cellphone": "",
    "photo": "preview.png",
    "document_type": "",
    "document_number": "1",
    "ruc": "1",
    "code": "1",
    "anonymous": true,
    "updated_at": "2017-10-09T23:21:19.558Z",
    "nationality": 1,
    "role": 1,
    "address": null,
    "groups": [],
    "user_permissions": []
  }
},
{
  "model": "api.user",
  "pk": 12,
  "fields": {
    "password": "pbkdf2_sha256$36000$WK09MJjcRWPO$GsjH7za8WFmty5SFtCNJvEkJ5SgvZxIatHeAZNV9Vvc=",
    "last_login": null,
    "is_superuser": false,
    "username": "olopez31",
    "first_name": "Oscarr",
    "last_name": "Lopezz",
    "email": "",
    "is_staff": false,
    "is_active": true,
    "date_joined": "2017-10-09T23:33:16.122Z",
    "nick": "clientaa",
    "email_exact": "oscarjoselopez26@gmail.comm1",
    "telephone": "312322",
    "cellphone": "+5873050599",
    "photo": "preview.jpg",
    "document_type": "1",
    "document_number": "56435345767661",
    "ruc": "12312343423526441",
    "code": "s5643534576761",
    "anonymous": true,
    "updated_at": "2017-10-09T23:33:16.187Z",
    "nationality": 1,
    "role": 1,
    "address": 1,
    "groups": [],
    "user_permissions": []
  }
},
{
  "model": "api.user",
  "pk": 15,
  "fields": {
    "password": "pbkdf2_sha256$36000$3IhSjEmUwsfL$BP8b6hK5ybRgyxupL9vACVIAz7s0+ll86hgpQTePnYw=",
    "last_login": null,
    "is_superuser": false,
    "username": "Darwon1",
    "first_name": "Testittt",
    "last_name": "Testitttt",
    "email": "",
    "is_staff": false,
    "is_active": true,
    "date_joined": "2017-10-10T21:58:55.688Z",
    "nick": "testittt",
    "email_exact": "darwon@gmail.com1",
    "telephone": "1234567",
    "cellphone": "123456789",
    "photo": "photo.png",
    "document_type": "0",
    "document_number": "1485291",
    "ruc": "1234567891",
    "code": "c1485291",
    "anonymous": true,
    "updated_at": "2017-10-10T21:58:55.771Z",
    "nationality": 1,
    "role": 1,
    "address": 4,
    "groups": [],
    "user_permissions": []
  }
},
{
  "model": "api.user",
  "pk": 16,
  "fields": {
    "password": "pbkdf2_sha256$36000$Pawepf2q3jdU$kRPPWjQhX6TBeU0AtIG0BJdWQi4Ja9/RHqoQY2neULg=",
    "last_login": null,
    "is_superuser": false,
    "username": "empresa1231",
    "first_name": "",
    "last_name": "",
    "email": "",
    "is_staff": false,
    "is_active": true,
    "date_joined": "2017-10-10T18:02:38.723Z",
    "nick": "empresita",
    "email_exact": "empresita123@gmail.com1",
    "telephone": "1234567",
    "cellphone": "921471559",
    "photo": "test.jpg",
    "document_type": "1",
    "document_number": "2222222221",
    "ruc": "2",
    "code": "c2222222221",
    "anonymous": true,
    "updated_at": "2017-10-10T18:02:38.796Z",
    "nationality": 1,
    "role": 1,
    "address": 3,
    "groups": [],
    "user_permissions": []
  }
},
{
  "model": "api.user",
  "pk": 17,
  "fields": {
    "password": "pbkdf2_sha256$36000$2hXpppXKuQdk$kjTSIjFGsTRSlshjpPnfcb/qeiKAV4oKXlrdlK6EKW0=",
    "last_login": null,
    "is_superuser": false,
    "username": "rrastete1231",
    "first_name": "Raul",
    "last_name": "Astete",
    "email": "",
    "is_staff": false,
    "is_active": true,
    "date_joined": "2017-10-10T18:01:43.815Z",
    "nick": "raulito123",
    "email_exact": "raul123@hotmail.com1",
    "telephone": "1234567",
    "cellphone": "123456789",
    "photo": "photo.png",
    "document_type": "1",
    "document_number": "12365678991",
    "ruc": "3",
    "code": "c12365678991",
    "anonymous": true,
    "updated_at": "2017-10-10T18:01:44.003Z",
    "nationality": 1,
    "role": 1,
    "address": 2,
    "groups": [],
    "user_permissions": []
  }
},
{
  "model": "api.user",
  "pk": 22,
  "fields": {
    "password": "pbkdf2_sha256$36000$3IhSjEmUwsfL$BP8b6hK5ybRgyxupL9vACVIAz7s0+ll86hgpQTePnYw=",
    "last_login": null,
    "is_superuser": false,
    "username": "Darwon14",
    "first_name": "Testittt",
    "last_name": "Testitttt",
    "email": "",
    "is_staff": false,
    "is_active": true,
    "date_joined": "2017-10-10T21:58:55.688Z",
    "nick": "testittt",
    "email_exact": "13",
    "telephone": "1234567",
    "cellphone": "123456789",
    "photo": "photo.png",
    "document_type": "0",
    "document_number": "14852912",
    "ruc": "12345678914",
    "code": "c14852914",
    "anonymous": true,
    "updated_at": "2017-10-10T21:58:55.771Z",
    "nationality": 1,
    "role": 1,
    "address": 4,
    "groups": [],
    "user_permissions": []
  }
},
{
  "model": "api.user",
  "pk": 27,
  "fields": {
    "password": "pbkdf2_sha256$36000$ZoKwG4C5uFXR$IDtDvqi2/fH+4Jw4NfiZd0JW13TJ2ARQM4FhAfWZn5g=",
    "last_login": "2017-10-02T22:26:08.423Z",
    "is_superuser": true,
    "username": "admin4",
    "first_name": "",
    "last_name": "",
    "email": "1",
    "is_staff": true,
    "is_active": true,
    "date_joined": "2017-10-02T21:17:37.995Z",
    "nick": "",
    "email_exact": "111",
    "telephone": "",
    "cellphone": "",
    "photo": "preview.png",
    "document_type": "",
    "document_number": "2",
    "ruc": "4",
    "code": "004",
    "anonymous": true,
    "updated_at": "2017-10-02T21:17:38.226Z",
    "nationality": 1,
    "role": 1,
    "address": null,
    "groups": [],
    "user_permissions": []
  }
},
{
  "model": "api.user",
  "pk": 29,
  "fields": {
    "password": "pbkdf2_sha256$36000$WK09MJjcRWPO$GsjH7za8WFmty5SFtCNJvEkJ5SgvZxIatHeAZNV9Vvc=",
    "last_login": null,
    "is_superuser": false,
    "username": "olopez34",
    "first_name": "Oscarr",
    "last_name": "Lopezz",
    "email": "",
    "is_staff": false,
    "is_active": true,
    "date_joined": "2017-10-09T23:33:16.122Z",
    "nick": "clientaa",
    "email_exact": "3",
    "telephone": "312322",
    "cellphone": "+5873050599",
    "photo": "preview.jpg",
    "document_type": "1",
    "document_number": "56435345767662",
    "ruc": "12312343423526444",
    "code": "s5643534576764",
    "anonymous": true,
    "updated_at": "2017-10-09T23:33:16.187Z",
    "nationality": 1,
    "role": 1,
    "address": 1,
    "groups": [],
    "user_permissions": []
  }
},
{
  "model": "api.user",
  "pk": 30,
  "fields": {
    "password": "pbkdf2_sha256$36000$2hXpppXKuQdk$kjTSIjFGsTRSlshjpPnfcb/qeiKAV4oKXlrdlK6EKW0=",
    "last_login": null,
    "is_superuser": false,
    "username": "rrastete1234",
    "first_name": "Raul",
    "last_name": "Astete",
    "email": "",
    "is_staff": false,
    "is_active": true,
    "date_joined": "2017-10-10T18:01:43.815Z",
    "nick": "raulito123",
    "email_exact": "4",
    "telephone": "1234567",
    "cellphone": "123456789",
    "photo": "photo.png",
    "document_type": "1",
    "document_number": "12365678992",
    "ruc": "444",
    "code": "c12365678994",
    "anonymous": true,
    "updated_at": "2017-10-10T18:01:44.003Z",
    "nationality": 1,
    "role": 1,
    "address": 2,
    "groups": [],
    "user_permissions": []
  }
},
{
  "model": "api.user",
  "pk": 31,
  "fields": {
    "password": "pbkdf2_sha256$36000$Pawepf2q3jdU$kRPPWjQhX6TBeU0AtIG0BJdWQi4Ja9/RHqoQY2neULg=",
    "last_login": null,
    "is_superuser": false,
    "username": "empresa1234",
    "first_name": "",
    "last_name": "",
    "email": "",
    "is_staff": false,
    "is_active": true,
    "date_joined": "2017-10-10T18:02:38.723Z",
    "nick": "empresita",
    "email_exact": "5",
    "telephone": "1234567",
    "cellphone": "921471559",
    "photo": "test.jpg",
    "document_type": "1",
    "document_number": "2222222222",
    "ruc": "4444",
    "code": "c2222222224",
    "anonymous": true,
    "updated_at": "2017-10-10T18:02:38.796Z",
    "nationality": 1,
    "role": 1,
    "address": 3,
    "groups": [],
    "user_permissions": []
  }
},
{
  "model": "api.user",
  "pk": 32,
  "fields": {
    "password": "pbkdf2_sha256$36000$3IhSjEmUwsfL$BP8b6hK5ybRgyxupL9vACVIAz7s0+ll86hgpQTePnYw=",
    "last_login": null,
    "is_superuser": false,
    "username": "Darwon4",
    "first_name": "Testittt",
    "last_name": "Testitttt",
    "email": "",
    "is_staff": false,
    "is_active": true,
    "date_joined": "2017-10-10T21:58:55.688Z",
    "nick": "testittt",
    "email_exact": "oscarjoselopez26@gmail.com3232",
    "telephone": "1234567",
    "cellphone": "123456789",
    "photo": "preview.jpg",
    "document_type": "0",
    "document_number": "1485292",
    "ruc": "1234567894",
    "code": "c1485294",
    "anonymous": true,
    "updated_at": "2017-10-10T21:58:55.771Z",
    "nationality": 1,
    "role": 1,
    "address": 4,
    "groups": [],
    "user_permissions": []
  }
},
{
  "model": "api.user",
  "pk": 33,
  "fields": {
    "password": "pbkdf2_sha256$36000$ZoKwG4C5uFXR$IDtDvqi2/fH+4Jw4NfiZd0JW13TJ2ARQM4FhAfWZn5g=",
    "last_login": "2017-10-02T22:26:08.423Z",
    "is_superuser": true,
    "username": "admin14",
    "first_name": "",
    "last_name": "",
    "email": "1",
    "is_staff": true,
    "is_active": true,
    "date_joined": "2017-10-02T21:17:37.995Z",
    "nick": "",
    "email_exact": "7",
    "telephone": "",
    "cellphone": "",
    "photo": "preview.png",
    "document_type": "",
    "document_number": "0012",
    "ruc": "44444",
    "code": "4444",
    "anonymous": true,
    "updated_at": "2017-10-02T21:17:38.226Z",
    "nationality": 1,
    "role": 1,
    "address": null,
    "groups": [],
    "user_permissions": []
  }
},
{
  "model": "api.user",
  "pk": 34,
  "fields": {
    "password": "pbkdf2_sha256$36000$ofOyuT1rSXVI$XNiY+0ZFCfEC02CbzccD1zewlJcjyGHwaiapH/bbqZ4=",
    "last_login": "2017-10-10T21:55:15.526Z",
    "is_superuser": true,
    "username": "olopez14",
    "first_name": "",
    "last_name": "",
    "email": "",
    "is_staff": true,
    "is_active": true,
    "date_joined": "2017-10-09T23:21:19.504Z",
    "nick": "",
    "email_exact": "8",
    "telephone": "",
    "cellphone": "",
    "photo": "preview.png",
    "document_type": "",
    "document_number": "22",
    "ruc": "14",
    "code": "44",
    "anonymous": true,
    "updated_at": "2017-10-09T23:21:19.558Z",
    "nationality": 1,
    "role": 1,
    "address": null,
    "groups": [],
    "user_permissions": []
  }
},
{
  "model": "api.user",
  "pk": 35,
  "fields": {
    "password": "pbkdf2_sha256$36000$WK09MJjcRWPO$GsjH7za8WFmty5SFtCNJvEkJ5SgvZxIatHeAZNV9Vvc=",
    "last_login": null,
    "is_superuser": false,
    "username": "olopez314",
    "first_name": "Oscarr",
    "last_name": "Lopezz",
    "email": "",
    "is_staff": false,
    "is_active": true,
    "date_joined": "2017-10-09T23:33:16.122Z",
    "nick": "clientaa",
    "email_exact": "9",
    "telephone": "312322",
    "cellphone": "+5873050599",
    "photo": "preview.jpg",
    "document_type": "1",
    "document_number": "564353457676612",
    "ruc": "123123434235264414",
    "code": "s56435345767614",
    "anonymous": true,
    "updated_at": "2017-10-09T23:33:16.187Z",
    "nationality": 1,
    "role": 1,
    "address": 1,
    "groups": [],
    "user_permissions": []
  }
},
{
  "model": "api.user",
  "pk": 36,
  "fields": {
    "password": "pbkdf2_sha256$36000$2hXpppXKuQdk$kjTSIjFGsTRSlshjpPnfcb/qeiKAV4oKXlrdlK6EKW0=",
    "last_login": null,
    "is_superuser": false,
    "username": "rrastete12314",
    "first_name": "Raul",
    "last_name": "Astete",
    "email": "",
    "is_staff": false,
    "is_active": true,
    "date_joined": "2017-10-10T18:01:43.815Z",
    "nick": "raulito123",
    "email_exact": "11",
    "telephone": "1234567",
    "cellphone": "123456789",
    "photo": "photo.png",
    "document_type": "1",
    "document_number": "123656789912",
    "ruc": "34",
    "code": "c123656789914",
    "anonymous": true,
    "updated_at": "2017-10-10T18:01:44.003Z",
    "nationality": 1,
    "role": 1,
    "address": 2,
    "groups": [],
    "user_permissions": []
  }
},
{
  "model": "api.user",
  "pk": 37,
  "fields": {
    "password": "pbkdf2_sha256$36000$Pawepf2q3jdU$kRPPWjQhX6TBeU0AtIG0BJdWQi4Ja9/RHqoQY2neULg=",
    "last_login": null,
    "is_superuser": false,
    "username": "empresa12314",
    "first_name": "",
    "last_name": "",
    "email": "",
    "is_staff": false,
    "is_active": true,
    "date_joined": "2017-10-10T18:02:38.723Z",
    "nick": "empresita",
    "email_exact": "12",
    "telephone": "1234567",
    "cellphone": "921471559",
    "photo": "test.jpg",
    "document_type": "1",
    "document_number": "22222222212",
    "ruc": "24",
    "code": "c22222222214",
    "anonymous": true,
    "updated_at": "2017-10-10T18:02:38.796Z",
    "nationality": 1,
    "role": 1,
    "address": 3,
    "groups": [],
    "user_permissions": []
  }
},
{
  "model": "api.user",
  "pk": 40,
  "fields": {
    "password": "pbkdf2_sha256$36000$ofOyuT1rSXVI$XNiY+0ZFCfEC02CbzccD1zewlJcjyGHwaiapH/bbqZ4=",
    "last_login": "2017-10-10T21:55:15.526Z",
    "is_superuser": true,
    "username": "olopez4",
    "first_name": "",
    "last_name": "",
    "email": "",
    "is_staff": true,
    "is_active": true,
    "date_joined": "2017-10-09T23:21:19.504Z",
    "nick": "",
    "email_exact": "2",
    "telephone": "",
    "cellphone": "",
    "photo": "preview.png",
    "document_type": "",
    "document_number": "24444",
    "ruc": "4444444444",
    "code": "4",
    "anonymous": true,
    "updated_at": "2017-10-09T23:21:19.558Z",
    "nationality": 1,
    "role": 1,
    "address": null,
    "groups": [],
    "user_permissions": []
  }
},
{
  "model": "api.user",
  "pk": 43,
  "fields": {
    "password": "sop15tec3",
    "last_login": null,
    "is_superuser": false,
    "username": "olopezasdasd12",
    "first_name": "Oscar",
    "last_name": "Lopez",
    "email": "",
    "is_staff": false,
    "is_active": true,
    "date_joined": "2017-10-16T22:55:06.178Z",
    "nick": "oki123 no fake1212",
    "email_exact": "oscarjoselopez26@gmail.com21sasd",
    "telephone": "31232",
    "cellphone": "1312323",
    "photo": "preview.png",
    "document_type": "0",
    "document_number": "42342423t45235",
    "ruc": "52352352e23432323",
    "code": "2445324234",
    "anonymous": true,
    "updated_at": "2017-10-16T22:55:06.186Z",
    "nationality": 1,
    "role": 1,
    "address": 2,
    "groups": [],
    "user_permissions": []
  }
},
{
  "model": "api.user",
  "pk": 44,
  "fields": {
    "password": "123456",
    "last_login": null,
    "is_superuser": false,
    "username": "olopezTestPrimer",
    "first_name": "oscar",
    "last_name": "lopez",
    "email": "",
    "is_staff": false,
    "is_active": true,
    "date_joined": "2017-10-16T23:14:37.624Z",
    "nick": "whatever",
    "email_exact": "mai@mail.scom",
    "telephone": "55443254",
    "cellphone": "32534323134325",
    "photo": "preview.png",
    "document_type": "0",
    "document_number": "3143254325",
    "ruc": "132514325323",
    "code": "23245445235",
    "anonymous": true,
    "updated_at": "2017-10-16T23:14:37.643Z",
    "nationality": 1,
    "role": 1,
    "address": 1,
    "groups": [],
    "user_permissions": []
  }
},
{
  "model": "api.user",
  "pk": 45,
  "fields": {
    "password": "pbkdf2_sha256$36000$0UgD2PyP0gRB$a8xn1hP2yQC2Krbaa45ykiOiFYKTuJmCfLjS9y8Jjao=",
    "last_login": null,
    "is_superuser": false,
    "username": "olopez214325",
    "first_name": "Olopez",
    "last_name": "Developer",
    "email": "",
    "is_staff": false,
    "is_active": true,
    "date_joined": "2017-10-19T21:46:27.389Z",
    "nick": "soyelElegido",
    "email_exact": "mail@cccon.com",
    "telephone": "2132544",
    "cellphone": "42543435",
    "photo": "preview.png",
    "document_type": "0",
    "document_number": "9848283438498",
    "ruc": "8949812989823",
    "code": "s9848283438498",
    "anonymous": true,
    "updated_at": "2017-10-19T21:46:27.466Z",
    "nationality": 1,
    "role": 1,
    "address": 5,
    "groups": [],
    "user_permissions": []
  }
},
{
  "model": "api.user",
  "pk": 46,
  "fields": {
    "password": "alfonso",
    "last_login": null,
    "is_superuser": false,
    "username": "alfonso",
    "first_name": "Alfonso",
    "last_name": "Mu\u00f1oz",
    "email": "",
    "is_staff": false,
    "is_active": true,
    "date_joined": "2017-10-23T22:27:04.897Z",
    "nick": "alfonso",
    "email_exact": "amunoz@pympack.com.pe",
    "telephone": "1234567",
    "cellphone": "123456789",
    "photo": "preview.png",
    "document_type": "0",
    "document_number": "12345678",
    "ruc": "13456789",
    "code": "1234",
    "anonymous": true,
    "updated_at": "2017-10-23T22:27:04.905Z",
    "nationality": 1,
    "role": 1,
    "address": null,
    "groups": [],
    "user_permissions": []
  }
},
{
  "model": "api.user",
  "pk": 47,
  "fields": {
    "password": "juan",
    "last_login": null,
    "is_superuser": false,
    "username": "juan",
    "first_name": "jaun",
    "last_name": "perez",
    "email": "",
    "is_staff": false,
    "is_active": true,
    "date_joined": "2017-10-23T22:28:04.028Z",
    "nick": "juan",
    "email_exact": "jperez@pympack.com.pe",
    "telephone": "7654321",
    "cellphone": "987654321",
    "photo": "preview.png",
    "document_type": "0",
    "document_number": "12345671",
    "ruc": "123456780",
    "code": "123",
    "anonymous": true,
    "updated_at": "2017-10-23T22:28:04.038Z",
    "nationality": 1,
    "role": 1,
    "address": null,
    "groups": [],
    "user_permissions": []
  }
},
{
  "model": "api.user",
  "pk": 48,
  "fields": {
    "password": "fulano",
    "last_login": null,
    "is_superuser": false,
    "username": "fulano",
    "first_name": "Fulano",
    "last_name": "Soto",
    "email": "",
    "is_staff": false,
    "is_active": true,
    "date_joined": "2017-10-23T22:28:54.890Z",
    "nick": "fulano",
    "email_exact": "fsoto@pympack.com.pe",
    "telephone": "1234560",
    "cellphone": "123456780",
    "photo": "preview.png",
    "document_type": "0",
    "document_number": "12345672",
    "ruc": "123456782",
    "code": "12345",
    "anonymous": true,
    "updated_at": "2017-10-23T22:28:54.900Z",
    "nationality": 1,
    "role": 1,
    "address": null,
    "groups": [],
    "user_permissions": []
  }
},
{
  "model": "api.user",
  "pk": 49,
  "fields": {
    "password": "maria",
    "last_login": null,
    "is_superuser": false,
    "username": "Maria",
    "first_name": "maria",
    "last_name": "Torres",
    "email": "",
    "is_staff": false,
    "is_active": true,
    "date_joined": "2017-10-23T22:29:53.176Z",
    "nick": "maria",
    "email_exact": "mtorres@gmail.com",
    "telephone": "1234563",
    "cellphone": "123456783",
    "photo": "preview.png",
    "document_type": "0",
    "document_number": "12345673",
    "ruc": "123456783",
    "code": "123456",
    "anonymous": true,
    "updated_at": "2017-10-23T22:29:53.184Z",
    "nationality": 1,
    "role": 1,
    "address": null,
    "groups": [],
    "user_permissions": []
  }
},
{
  "model": "api.seller",
  "pk": 43,
  "fields": {
    "cv": null,
    "monthly_promotional_plans": null,
    "count_month_promotional": null,
    "count_month_plans": null,
    "count_month_contacts": null,
    "zone": 1,
    "groups": [],
    "user_permissions": []
  }
},
{
  "model": "api.seller",
  "pk": 44,
  "fields": {
    "cv": null,
    "monthly_promotional_plans": null,
    "count_month_promotional": null,
    "count_month_plans": null,
    "count_month_contacts": null,
    "zone": 2,
    "groups": [],
    "user_permissions": []
  }
},
{
  "model": "api.seller",
  "pk": 46,
  "fields": {
    "cv": null,
    "monthly_promotional_plans": null,
    "count_month_promotional": null,
    "count_month_plans": null,
    "count_month_contacts": null,
    "zone": 1,
    "groups": [],
    "user_permissions": []
  }
},
{
  "model": "api.seller",
  "pk": 47,
  "fields": {
    "cv": null,
    "monthly_promotional_plans": null,
    "count_month_promotional": null,
    "count_month_plans": null,
    "count_month_contacts": null,
    "zone": 2,
    "groups": [],
    "user_permissions": []
  }
},
{
  "model": "api.seller",
  "pk": 48,
  "fields": {
    "cv": null,
    "monthly_promotional_plans": null,
    "count_month_promotional": null,
    "count_month_plans": null,
    "count_month_contacts": null,
    "zone": 2,
    "groups": [],
    "user_permissions": []
  }
},
{
  "model": "api.seller",
  "pk": 49,
  "fields": {
    "cv": null,
    "monthly_promotional_plans": null,
    "count_month_promotional": null,
    "count_month_plans": null,
    "count_month_contacts": null,
    "zone": 2,
    "groups": [],
    "user_permissions": []
  }
}
]
